url,label,type_detect,datetime
http://7seascity.com/,0,compare,16/04/2023 10:08:54
http://nerosk.ru/78hceef,0,compare,16/04/2023 10:09:08
http://blackwatchpd.com/,0,compare,16/04/2023 10:09:14
http://jccmontreal.blogspot.com/,0,compare,16/04/2023 10:09:15
http://lol47.noip.me/,0,compare,16/04/2023 10:09:21
http://merkel.esc14.net/,0,compare,16/04/2023 10:09:21
http://www.plancho.de/988g765f,0,compare,16/04/2023 10:09:24
http://yourcab.ca/tour-chester.htm,0,compare,16/04/2023 10:09:30
http://lpmxp2068.com,0,compare,16/04/2023 10:09:33
http://lpmxp1035.com,0,compare,16/04/2023 10:09:35
http://67.221.195.6/se77.avi,0,compare,16/04/2023 10:09:49
http://tobogo.net/cdsb/board.php?board=mylife&bm=view&no=457&category=&auth=&page=1&search=&keyword=&recom=,0,model-half-detect,16/04/2023 03:09:54
http://beckspeed.com/,0,compare,16/04/2023 10:09:54
http://www.pbs.org/wgbh/aso/databank/entries/bhpenf.html,1,model-full-detect,16/04/2023 03:09:58
http://vedicmotet.com/rpi4l,0,compare,16/04/2023 10:10:12
http://innbill.com/,0,compare,16/04/2023 10:10:33
http://patriciaconroy.net/bio.cfm,0,compare,16/04/2023 10:10:55
http://google-analytisc.co.cc,0,compare,16/04/2023 10:10:56
http://hcunit.com/67j5hg,0,compare,16/04/2023 10:10:58
http://u-flats.com/rfscc,0,compare,16/04/2023 10:11:07
http://happyrushop.com/67j5hg,0,compare,16/04/2023 10:11:25
http://yonasu.com/masaki-aiba-to-star-in-new-drama-bartender/,0,model-half-detect,16/04/2023 03:11:26
http://segal.ws/db/box/,0,compare,16/04/2023 10:11:30
https://artturo.com/index.php?view=article&catid=46:logo-design&id=64:architect-lopes-silva&tmpl=component&print=1&layout=default&page=&option=com_content,0,model-full-detect,16/04/2023 03:11:39
http://guidemyroute.com/auth.php,0,compare,16/04/2023 10:12:05
http://daymix.com/Jimmy-Rollins/,0,compare,16/04/2023 10:12:05
http://taipo.com.tw/mail,0,compare,16/04/2023 10:12:12
http://samaju.se/fsqrtgrm,0,compare,16/04/2023 10:12:18
http://equiptel.com/images/db2/,0,compare,16/04/2023 10:12:28
http://www.babolna.eu/index.php?option=com_content&view=category&layout=blog&id=10&Itemid=16&el_mcal_month=12&el_mcal_year=2012,1,model-half-detect,16/04/2023 03:12:30
http://edrian.com/dfc33k,0,compare,16/04/2023 10:12:30
http://9779.info/%E6%9F%93%E7%BA%B8%E4%BD%9C%E5%93%81%E5%89%AA%E8%B4%B4%E7%94%BB/,1,model-full-detect,16/04/2023 03:12:31
http://raihaan.com/87nft3,0,compare,16/04/2023 10:12:43
http://turkeytravelplanner.com/,1,compare,16/04/2023 10:12:46
http://sycamore-crossing.com/,0,compare,16/04/2023 10:12:47
http://missouridairygoats.com/,0,compare,16/04/2023 10:12:48
http://bluefile.biz/,0,compare,16/04/2023 10:13:02
http://firstbanknigeria.com/,1,compare,16/04/2023 10:13:06
http://91.239.24.61:6892,0,compare,16/04/2023 10:13:06
http://hpenvis.nic.in/sacred.aspx,0,compare,16/04/2023 10:13:22
http://ca.indeed.com/Aldo-jobs,0,compare,16/04/2023 10:13:23
http://genealogy.su/g766d4ft,0,compare,16/04/2023 10:13:34
http://fancypantsadventures.com/,0,compare,16/04/2023 10:13:36
http://all4supply.com/54JHbjgcDLG,0,compare,16/04/2023 10:13:47
http://chrisrwright.co.uk/,0,compare,16/04/2023 10:13:53
http://poker-bets.net/component/tag/pokerstrategy,1,model-half-detect,16/04/2023 03:13:58
http://marine-recruitment.com/,0,compare,16/04/2023 10:14:07
https://www.emusic.com/artist/Fleetwood-Mac-MP3-Download/10564324.html,0,model-full-detect,16/04/2023 03:14:12
http://mxp1077.com,0,compare,16/04/2023 10:14:14
http://blackwatchpd.com/,0,compare,16/04/2023 10:14:15
http://lol47.noip.me/,0,compare,16/04/2023 10:14:19
http://merkel.esc14.net/,0,compare,16/04/2023 10:14:20
http://budforjudge.com/,0,compare,16/04/2023 10:14:21
http://dabihfluky.com/d5436gh/,0,compare,16/04/2023 10:14:21
http://www.plancho.de/988g765f,0,compare,16/04/2023 10:14:22
http://yourcab.ca/tour-chester.htm,0,compare,16/04/2023 10:14:24
http://qmaviation.com/,0,compare,16/04/2023 10:14:26
http://lpmxp2068.com,0,compare,16/04/2023 10:14:27
http://lpmxp1035.com,0,compare,16/04/2023 10:14:28
http://spectrumclub.net/the-news.1,0,compare,16/04/2023 10:14:30
http://67.221.195.6/se77.avi,0,compare,16/04/2023 10:14:40
http://6i3cb6owitcouepv.micropaysearch.com/img/rt.png,1,model-half-detect,16/04/2023 03:15:01
https://udn.com/news/story/6999/896739-%E6%9F%AF%E8%95%AD%E9%98%B2%E7%A6%A6%E7%8E%87%E7%A0%B44-%E8%B3%BD%E6%8F%9A%E7%8D%8E%E5%8A%9F%E5%8A%9B%E7%9B%A1%E5%A4%B1%EF%BC%9F,0,model-full-detect,16/04/2023 03:15:04
http://vedicmotet.com/rpi4l,0,compare,16/04/2023 10:15:08
http://innbill.com/,0,compare,16/04/2023 10:15:24
http://patriciaconroy.net/bio.cfm,0,compare,16/04/2023 10:15:41
http://google-analytisc.co.cc,0,compare,16/04/2023 10:15:41
http://hcunit.com/67j5hg,0,compare,16/04/2023 10:15:43
http://u-flats.com/rfscc,0,compare,16/04/2023 10:15:50
http://happyrushop.com/67j5hg,0,compare,16/04/2023 10:16:08
http://segal.ws/db/box/,0,compare,16/04/2023 10:16:17
http://bjcurio.com/js/index.htm?ref=http://izrxueeus.battle.net/d3/en/index,0,model-half-detect,16/04/2023 03:16:30
http://guidemyroute.com/auth.php,0,compare,16/04/2023 10:16:42
http://daymix.com/Jimmy-Rollins/,0,compare,16/04/2023 10:16:43
https://amazon.com/s?ie=UTF8&keywords=North%20Dakota&rh=n%3A1036592%2Ck%3ANorth%20Dakota&page=1,0,model-full-detect,16/04/2023 03:16:46
http://taipo.com.tw/mail,0,compare,16/04/2023 10:16:48
http://samaju.se/fsqrtgrm,0,compare,16/04/2023 10:16:52
http://equiptel.com/images/db2/,0,compare,16/04/2023 10:17:01
http://edrian.com/dfc33k,0,compare,16/04/2023 10:17:02
http://raihaan.com/87nft3,0,compare,16/04/2023 10:17:13
http://turkeytravelplanner.com/,1,compare,16/04/2023 10:17:17
http://sycamore-crossing.com/,0,compare,16/04/2023 10:17:17
http://missouridairygoats.com/,0,compare,16/04/2023 10:17:18
http://bluefile.biz/,0,compare,16/04/2023 10:17:29
http://www.ferienwohnungen-in-nordfriesland.de/component/mailto/index.html?tmpl=component&link=aHR0cDovL3d3dy5mZXJpZW53b2hudW5nZW4taW4tbm9yZGZyaWVzbGFuZC5kZS9odXN1bS8xMjI2LWZlcmllbndvaG51bmctaW4taHVzdW0tYWItNDUtZXVyby1hbS10YWcuaHRtbA==,1,model-half-detect,16/04/2023 03:17:32
http://firstbanknigeria.com/,1,compare,16/04/2023 10:17:40
http://91.239.24.61:6892,0,compare,16/04/2023 10:17:41
http://www.icci.com.br/site,1,model-full-detect,16/04/2023 03:17:45
http://hpenvis.nic.in/sacred.aspx,0,compare,16/04/2023 10:17:53
http://ca.indeed.com/Aldo-jobs,0,compare,16/04/2023 10:17:53
http://mylife.com/johndunbar,0,compare,16/04/2023 10:17:59
http://genealogy.su/g766d4ft,0,compare,16/04/2023 10:18:02
http://fancypantsadventures.com/,0,compare,16/04/2023 10:18:09
http://all4supply.com/54JHbjgcDLG,0,compare,16/04/2023 10:18:18
http://chrisrwright.co.uk/,0,compare,16/04/2023 10:18:22
http://marine-recruitment.com/,0,compare,16/04/2023 10:18:37
http://mxp1077.com,0,compare,16/04/2023 10:18:42
http://budforjudge.com/,0,compare,16/04/2023 10:18:47
http://dabihfluky.com/d5436gh/,0,compare,16/04/2023 10:18:48
http://qmaviation.com/,0,compare,16/04/2023 10:18:50
http://spectrumclub.net/the-news.1,0,compare,16/04/2023 10:18:54
http://blogs.ssrc.org/tif/author/taylor/,0,model-half-detect,16/04/2023 03:19:02
http://pegglenights.org/vnwwmdt,0,compare,16/04/2023 10:19:02
http://demo.website.pl/54JHbjgcDLG,0,compare,16/04/2023 10:19:04
http://culturenorthernireland.org/,0,compare,16/04/2023 10:19:18
https://www.toutmontreal.com/english/aete/theatre.html,0,model-full-detect,16/04/2023 03:19:20
http://cityvisitor.com/,0,compare,16/04/2023 10:19:21
http://rosispitaniya.com/x07nn,0,compare,16/04/2023 10:19:43
http://roundys.com/,0,compare,16/04/2023 10:19:55
http://fasttrain.com/,0,compare,16/04/2023 10:20:04
http://jaksprawdzicsamochodprzedzakupem.pl/o1pc9vx,1,model-half-detect,16/04/2023 03:20:05
http://thebluegrassmusician.com/,0,compare,16/04/2023 10:20:08
https://www.sparco-official.com/,1,model-full-detect,16/04/2023 03:20:17
http://theshapeofthings.org.uk/,0,compare,16/04/2023 10:20:18
http://85.25.138.187/main.php,0,compare,16/04/2023 10:20:21
http://go890.com/d/x86.dll,0,compare,16/04/2023 10:20:21
http://lifecare-hc.com/05622,0,compare,16/04/2023 10:20:22
http://mda.no-ip.org:88,0,compare,16/04/2023 10:20:23
http://www.diarco.com.pe/x.txt,0,compare,16/04/2023 10:20:39
http://aresgame.info/,0,compare,16/04/2023 10:20:42
http://thedivafiles.com/29gce0ube,0,compare,16/04/2023 10:20:50
http://proveedores.newsun.cl/,0,compare,16/04/2023 10:20:57
http://go0gIe.com/sysupdate.aspx,0,compare,16/04/2023 10:20:58
http://error.fc2.com/web/403.html,1,model-full-detect,16/04/2023 03:21:00
http://trietlong.net/heyus,0,compare,16/04/2023 10:21:03
http://www.winnerhydraulicsusa.com/webstore/store/listcategoriesandproducts.asp?idcategory=143,1,model-half-detect,16/04/2023 03:21:34
http://spokeo.com/Joe+Aragon,0,compare,16/04/2023 10:21:45
http://lpmxp11.com,0,compare,16/04/2023 10:21:47
http://sukel.info/atol/public.html,0,compare,16/04/2023 10:21:50
http://zzyibo.cn/images/index.htm,0,compare,16/04/2023 10:22:13
http://maxtherm.net/o4cxcswe,0,compare,16/04/2023 10:22:14
http://genelev.net/925y05n,0,compare,16/04/2023 10:22:15
http://sehyokette.net/3k6exf4d,0,compare,16/04/2023 10:22:16
http://hanaweb.xsrv.jp/be6o4g6,0,compare,16/04/2023 10:22:17
http://rubialage.com.br/store/css/,0,compare,16/04/2023 10:22:22
http://akson52.ru/09uhv65hg,0,compare,16/04/2023 10:22:36
http://2amsports.com/HSBC-BANK_STORAGE_DATA/new-payment-document.html,0,model-half-detect,16/04/2023 03:22:37
http://80.241.232.207/tpryd9,0,compare,16/04/2023 10:22:38
https://www.espn.com/blog/collegebasketballnation/tag/_/name/kemba-walker,0,model-full-detect,16/04/2023 03:22:50
http://www.klausschuster.at/j3uvz,0,compare,16/04/2023 10:22:55
http://kpopmusic.com/,0,compare,16/04/2023 10:23:06
http://edda-mally. at/css/,0,compare,16/04/2023 10:23:13
http://123people.it/z/keith+boag,0,compare,16/04/2023 10:23:34
http://reachoutfederalway.org/,0,compare,16/04/2023 10:23:36
http://militaryaviationmedia.com/,0,compare,16/04/2023 10:23:36
http://a1d4m.kfj.cc:162/17852q,0,compare,16/04/2023 10:23:42
http://185.66.9.198/upd/61,0,compare,16/04/2023 10:23:44
http://tv.burrp.com/,0,compare,16/04/2023 10:23:54
http://deriair.com.au/index.html,0,compare,16/04/2023 10:23:57
http://debspa.it/raw.html,0,compare,16/04/2023 10:24:01
https://myshop.lk/6872VF.php,0,model-full-detect,16/04/2023 03:24:02
http://cdou.ru/mhr53p,0,compare,16/04/2023 10:24:04
http://pegglenights.org/vnwwmdt,0,compare,16/04/2023 10:24:05
http://extratorrent.cc/torrent/4189608/No+Offence+S01E02+720p+HDTV+x264-SNEAkY.html,0,model-half-detect,16/04/2023 03:24:06
http://demo.website.pl/54JHbjgcDLG,0,compare,16/04/2023 10:24:07
http://culturenorthernireland.org/,0,compare,16/04/2023 10:24:12
http://cityvisitor.com/,0,compare,16/04/2023 10:24:16
http://rosispitaniya.com/x07nn,0,compare,16/04/2023 10:24:31
http://fasttrain.com/,0,compare,16/04/2023 10:24:38
http://thebluegrassmusician.com/,0,compare,16/04/2023 10:24:44
http://theshapeofthings.org.uk/,0,compare,16/04/2023 10:24:49
http://85.25.138.187/main.php,0,compare,16/04/2023 10:24:54
http://go890.com/d/x86.dll,0,compare,16/04/2023 10:24:55
http://lifecare-hc.com/05622,0,compare,16/04/2023 10:24:56
http://mda.no-ip.org:88,0,compare,16/04/2023 10:24:57
http://flixster.com/actor/wildman-steve,0,model-half-detect,16/04/2023 03:25:10
http://www.diarco.com.pe/x.txt,0,compare,16/04/2023 10:25:17
http://aresgame.info/,0,compare,16/04/2023 10:25:20
https://marvel.com/news/movies/23549/captain_marvel_soars_into_the_marvel_cinematic_universe,0,model-full-detect,16/04/2023 03:25:24
http://thedivafiles.com/29gce0ube,0,compare,16/04/2023 10:25:24
http://proveedores.newsun.cl/,0,compare,16/04/2023 10:25:33
http://go0gIe.com/sysupdate.aspx,0,compare,16/04/2023 10:25:35
http://trietlong.net/heyus,0,compare,16/04/2023 10:25:41
http://spokeo.com/Joe+Aragon,0,compare,16/04/2023 10:26:21
http://lpmxp11.com,0,compare,16/04/2023 10:26:24
http://sukel.info/atol/public.html,0,compare,16/04/2023 10:26:27
https://opziwr-zamosc.pl/,1,model-full-detect,16/04/2023 03:26:35
http://www.hotsource.ch/index.php?option=com_content&view=article&id=131:hstub-30a-badefass&catid=37:badefaesser-aus-aluminium,1,model-half-detect,16/04/2023 03:26:38
http://akaberlin.blogspot.com/,0,compare,16/04/2023 10:26:41
http://zzyibo.cn/images/index.htm,0,compare,16/04/2023 10:26:44
http://maxtherm.net/o4cxcswe,0,compare,16/04/2023 10:26:46
http://genelev.net/925y05n,0,compare,16/04/2023 10:26:47
http://sehyokette.net/3k6exf4d,0,compare,16/04/2023 10:26:49
http://hanaweb.xsrv.jp/be6o4g6,0,compare,16/04/2023 10:26:50
http://akson52.ru/09uhv65hg,0,compare,16/04/2023 10:27:17
http://80.241.232.207/tpryd9,0,compare,16/04/2023 10:27:22
http://lyrics007.com/Gabrielle%20Destroismaisons%20Lyrics/Into%20You%20Lyrics.html,0,model-half-detect,16/04/2023 03:27:43
http://www.klausschuster.at/j3uvz,0,compare,16/04/2023 10:27:46
http://rubyspears.com/,1,model-full-detect,16/04/2023 03:27:56
http://edda-mally. at/css/,0,compare,16/04/2023 10:28:10
http://123people.it/z/keith+boag,0,compare,16/04/2023 10:28:33
http://reachoutfederalway.org/,0,compare,16/04/2023 10:28:37
http://militaryaviationmedia.com/,0,compare,16/04/2023 10:28:37
http://a1d4m.kfj.cc:162/17852q,0,compare,16/04/2023 10:28:45
http://185.66.9.198/upd/61,0,compare,16/04/2023 10:28:47
http://tv.burrp.com/,0,compare,16/04/2023 10:29:00
http://pegglenights.org/vnwwmdt,0,compare,16/04/2023 10:29:03
http://deriair.com.au/index.html,0,compare,16/04/2023 10:29:05
http://demo.website.pl/54JHbjgcDLG,0,compare,16/04/2023 10:29:05
http://www.pclan.us/latest.html,0,compare,16/04/2023 10:29:06
http://skillwho.com/lists/D/D0/297802/,0,model-half-detect,16/04/2023 03:29:10
http://debspa.it/raw.html,0,compare,16/04/2023 10:29:09
http://support.cancer.ca/site/TR?fr_id=8784&pg=entry,1,model-full-detect,16/04/2023 03:29:10
http://cdou.ru/mhr53p,0,compare,16/04/2023 10:29:14
http://culturenorthernireland.org/,0,compare,16/04/2023 10:29:18
http://cityvisitor.com/,0,compare,16/04/2023 10:29:21
http://rosispitaniya.com/x07nn,0,compare,16/04/2023 10:29:42
http://roundys.com/,0,compare,16/04/2023 10:29:53
http://fasttrain.com/,0,compare,16/04/2023 10:30:04
http://thebluegrassmusician.com/,0,compare,16/04/2023 10:30:09
http://secure.runescape.com.d.weblagon.loginforn.com/mod/?/&=&ssl=0,1,model-half-detect,16/04/2023 03:30:14
http://theshapeofthings.org.uk/,0,compare,16/04/2023 10:30:22
http://85.25.138.187/main.php,0,compare,16/04/2023 10:30:25
http://getego.suroot.com/~focused/wp-content/themes/twentytwelve/js/ay/cp.php?m=login,1,model-full-detect,16/04/2023 03:30:26
http://go890.com/d/x86.dll,0,compare,16/04/2023 10:30:25
http://lifecare-hc.com/05622,0,compare,16/04/2023 10:30:26
http://mda.no-ip.org:88,0,compare,16/04/2023 10:30:27
http://aresgame.info/,0,compare,16/04/2023 10:30:50
http://thedivafiles.com/29gce0ube,0,compare,16/04/2023 10:31:00
http://proveedores.newsun.cl/,0,compare,16/04/2023 10:31:06
http://go0gIe.com/sysupdate.aspx,0,compare,16/04/2023 10:31:07
http://trietlong.net/heyus,0,compare,16/04/2023 10:31:12
https://myspace.com:443/route291,0,model-full-detect,16/04/2023 03:31:14
http://biophyt.net/js/sss/hotmail/zonalzone/homezone,1,model-half-detect,16/04/2023 03:31:42
http://spokeo.com/Joe+Aragon,0,compare,16/04/2023 10:31:48
http://lpmxp11.com,0,compare,16/04/2023 10:31:49
http://sukel.info/atol/public.html,0,compare,16/04/2023 10:31:51
https://wn.com/1987_Rugby_World_Cup,0,model-full-detect,16/04/2023 03:32:05
http://zzyibo.cn/images/index.htm,0,compare,16/04/2023 10:32:12
http://jasquaniel.com/index.php?option=com_content&view=article&id=91:-la-cire-doreille&catid=14:textes-recits-poemes&Itemid=42,0,model-half-detect,16/04/2023 03:32:13
http://maxtherm.net/o4cxcswe,0,compare,16/04/2023 10:32:13
http://genelev.net/925y05n,0,compare,16/04/2023 10:32:14
http://sehyokette.net/3k6exf4d,0,compare,16/04/2023 10:32:15
http://hanaweb.xsrv.jp/be6o4g6,0,compare,16/04/2023 10:32:16
http://rubialage.com.br/store/css/,0,compare,16/04/2023 10:32:20
http://akson52.ru/09uhv65hg,0,compare,16/04/2023 10:32:34
http://80.241.232.207/tpryd9,0,compare,16/04/2023 10:32:36
http://www.klausschuster.at/j3uvz,0,compare,16/04/2023 10:32:52
http://edda-mally. at/css/,0,compare,16/04/2023 10:33:08
http://www.rediff.com/sports/report/french-open-2011-roger-federer-monfils-murray-djokovic/20110601.htm,1,model-full-detect,16/04/2023 03:33:21
http://123people.it/z/keith+boag,0,compare,16/04/2023 10:33:34
http://reachoutfederalway.org/,0,compare,16/04/2023 10:33:36
http://militaryaviationmedia.com/,0,compare,16/04/2023 10:33:37
http://a1d4m.kfj.cc:162/17852q,0,compare,16/04/2023 10:33:42
http://185.66.9.198/upd/61,0,compare,16/04/2023 10:33:44
http://tv.burrp.com/,0,compare,16/04/2023 10:33:53
http://deriair.com.au/index.html,0,compare,16/04/2023 10:33:56
http://debspa.it/raw.html,0,compare,16/04/2023 10:34:00
http://cdou.ru/mhr53p,0,compare,16/04/2023 10:34:03
http://pegglenights.org/vnwwmdt,0,compare,16/04/2023 10:34:05
http://demo.website.pl/54JHbjgcDLG,0,compare,16/04/2023 10:34:07
http://culturenorthernireland.org/,0,compare,16/04/2023 10:34:12
http://svadebny.com/index.php?option=com_sobi2&catid=127&Itemid=697,0,model-half-detect,16/04/2023 03:34:14
http://cityvisitor.com/,0,compare,16/04/2023 10:34:16
http://rosispitaniya.com/x07nn,0,compare,16/04/2023 10:34:30
https://intelligentsoccer.com/?p=566,1,model-full-detect,16/04/2023 03:34:38
http://fasttrain.com/,0,compare,16/04/2023 10:34:37
http://thebluegrassmusician.com/,0,compare,16/04/2023 10:34:42
http://ardeex.com/index.php?option=com_content&view=article&id=90&Itemid=62&lang=de,1,model-half-detect,16/04/2023 03:34:46
http://theshapeofthings.org.uk/,0,compare,16/04/2023 10:34:47
http://85.25.138.187/main.php,0,compare,16/04/2023 10:34:50
http://go890.com/d/x86.dll,0,compare,16/04/2023 10:34:52
http://lifecare-hc.com/05622,0,compare,16/04/2023 10:34:53
http://mda.no-ip.org:88,0,compare,16/04/2023 10:34:54
http://minnesotahockey.org/,0,compare,16/04/2023 10:35:03
http://aresgame.info/,0,compare,16/04/2023 10:35:15
http://thedivafiles.com/29gce0ube,0,compare,16/04/2023 10:35:17
http://proveedores.newsun.cl/,0,compare,16/04/2023 10:35:26
http://go0gIe.com/sysupdate.aspx,0,compare,16/04/2023 10:35:27
http://trietlong.net/heyus,0,compare,16/04/2023 10:35:33
http://homesofbr.com/index.php?option=com_properties&view=properties&task=map&id=14&Itemid=94,1,model-full-detect,16/04/2023 03:35:42
http://spokeo.com/Joe+Aragon,0,compare,16/04/2023 10:36:06
http://lpmxp11.com,0,compare,16/04/2023 10:36:12
http://sukel.info/atol/public.html,0,compare,16/04/2023 10:36:14
http://q97country.com/page.php?page_id=16364&jock_id=4199,0,model-half-detect,16/04/2023 03:36:22
http://akaberlin.blogspot.com/,0,compare,16/04/2023 10:36:25
http://zzyibo.cn/images/index.htm,0,compare,16/04/2023 10:36:29
http://maxtherm.net/o4cxcswe,0,compare,16/04/2023 10:36:31
https://indianexpress.com/article/opinion/columns/transforming-our-cities-on-water-singapore-shows-the-way/,0,model-full-detect,16/04/2023 03:36:32
http://genelev.net/925y05n,0,compare,16/04/2023 10:36:32
http://sehyokette.net/3k6exf4d,0,compare,16/04/2023 10:36:34
http://hanaweb.xsrv.jp/be6o4g6,0,compare,16/04/2023 10:36:35
http://akson52.ru/09uhv65hg,0,compare,16/04/2023 10:37:00
http://80.241.232.207/tpryd9,0,compare,16/04/2023 10:37:05
http://www.fundicor.com/index.php?view=article&catid=45:galerias&id=105:principal&tmpl=component&print=1&layout=default&page=,1,model-half-detect,16/04/2023 03:37:17
http://www.klausschuster.at/j3uvz,0,compare,16/04/2023 10:37:24
https://imdb.com/title/tt0160509/,0,model-full-detect,16/04/2023 03:37:34
http://edda-mally. at/css/,0,compare,16/04/2023 10:37:46
http://123people.it/z/keith+boag,0,compare,16/04/2023 10:38:08
http://reachoutfederalway.org/,0,compare,16/04/2023 10:38:11
http://militaryaviationmedia.com/,0,compare,16/04/2023 10:38:12
http://a1d4m.kfj.cc:162/17852q,0,compare,16/04/2023 10:38:19
http://185.66.9.198/upd/61,0,compare,16/04/2023 10:38:21
http://tv.burrp.com/,0,compare,16/04/2023 10:38:33
http://deriair.com.au/index.html,0,compare,16/04/2023 10:38:37
http://debspa.it/raw.html,0,compare,16/04/2023 10:38:41
https://www.ninopizzaria.com.br/index.php?option=com_mailto&tmpl=component&link=aHR0cDovL3d3dy5uaW5vcGl6emFyaWEuY29tLmJyL2luZGV4LnBocD9vcHRpb249Y29tX2NvbnRlbnQmdmlldz1hcnRpY2xlJmlkPTcyOnJ0bC10ZW1wbGF0ZS1zdXBwb3J0JmNhdGlkPTM5OmZyb250cGFnZSZJdGVtaWQ9NTA%3D,0,model-full-detect,16/04/2023 03:38:42
http://www.attraqt.com,1,model-full-detect,16/04/2023 03:38:44
http://cdou.ru/mhr53p,0,compare,16/04/2023 10:38:45
http://averillparkhighschool.org/,0,compare,16/04/2023 10:38:51
http://emgn.com/entertainment/20-creative-advertisements-which-will-get-you-thinking/,0,model-half-detect,16/04/2023 03:38:54
https://familytreemaker.genealogy.com/users/b/a/r/Amanda-Bartley-1/GENE1-0004.html,0,model-full-detect,16/04/2023 03:39:00
https://www.afternic.com:443/forsale/filecraft.com?utm_source=TDFS_DASLNC&utm_medium=DASLNC&utm_campaign=TDFS_DASLNC&traffic_type=TDFS_DASLNC&traffic_id=daslnc&q=lynn+anderson+greatest+hits,0,model-full-detect,16/04/2023 03:39:02
http://spokeo.com/Brent+Patterson,0,compare,16/04/2023 10:39:09
http://sibrc.org/news/news_51.html,0,compare,16/04/2023 10:39:10
http://birlesikbir.com.tr/adobe/,0,compare,16/04/2023 10:39:42
http://morpheusarchetypes.com/,0,compare,16/04/2023 10:39:45
http://ralphinla.rootsweb.ancestry.com/eames.htm,0,model-half-detect,16/04/2023 03:39:49
http://lone.italy-net-guide.com/,0,compare,16/04/2023 10:39:53
http://kreepykrauly.com.au/code/,0,compare,16/04/2023 10:40:01
http://redhongan.com/js/,0,compare,16/04/2023 10:40:03
https://sohacogroup.com.vn/thu-vien-anh/thu-vien-anh.html,0,model-full-detect,16/04/2023 03:40:06
http://superpages.com/bp/Lima-OH/WIMT-Radio-FM-L0122513920.htm,0,model-half-detect,16/04/2023 03:40:09
http://lpo.energy.gov/?page_id=254,0,compare,16/04/2023 10:40:10
http://www.akmediaproductions.ca/index.php?option=com_k2&view=itemlist&task=category&id=2:graphic-design&Itemid=82,0,model-half-detect,16/04/2023 03:40:17
https://twitter.com/vbDluCmRA,0,model-full-detect,16/04/2023 03:40:18
http://208.117.68.78/se77.avi,0,compare,16/04/2023 10:40:19
http://wsisd.com/,0,compare,16/04/2023 10:40:22
http://montrealstars.ca/,0,compare,16/04/2023 10:40:22
http://imdb.com/title/tt0188339/,0,compare,16/04/2023 10:40:24
http://tokyoexpress.me/,0,compare,16/04/2023 10:40:24
http://jodyhoughton.com/,0,compare,16/04/2023 10:40:29
http://sqa.ait.ie/n6heri.php,0,compare,16/04/2023 10:40:31
http://galit-law.co.il/32tguynjk,0,compare,16/04/2023 10:40:42
http://ameliasalzman.com/google,0,compare,16/04/2023 10:40:44
http://tonttotatone.ru/gate.php,0,compare,16/04/2023 10:40:51
http://www.yunti.net/a.htm,0,compare,16/04/2023 10:41:03
http://mahalo.com/soviet-union/,0,compare,16/04/2023 10:41:06
http://popmusicnew.com/,0,compare,16/04/2023 10:41:07
http://dwmfile1.com,0,compare,16/04/2023 10:41:08
http://mxp2071.com,0,compare,16/04/2023 10:41:14
http://ivanmayor.es/q6hsdl,0,compare,16/04/2023 10:41:14
http://www.joe.cpbph2.com/Panel/,0,compare,16/04/2023 10:41:23
http://jonathonking.com/books.php,0,compare,16/04/2023 10:41:24
http://www.babolna.eu/index.php?option=com_content&view=category&layout=blog&id=10&Itemid=16&el_mcal_month=12&el_mcal_year=2012,0,model-half-detect,16/04/2023 03:41:41
http://6i3cb6owitcouepv.micropaysearch.com/img/rt.png,0,model-half-detect,16/04/2023 03:41:46
http://www.ferienwohnungen-in-nordfriesland.de/component/mailto/index.html?tmpl=component&link=aHR0cDovL3d3dy5mZXJpZW53b2hudW5nZW4taW4tbm9yZGZyaWVzbGFuZC5kZS9odXN1bS8xMjI2LWZlcmllbndvaG51bmctaW4taHVzdW0tYWItNDUtZXVyby1hbS10YWcuaHRtbA==,0,model-half-detect,16/04/2023 03:41:48
http://jaksprawdzicsamochodprzedzakupem.pl/o1pc9vx,0,model-half-detect,16/04/2023 03:41:49
http://mylife.com/pgregoryschmidt,0,compare,16/04/2023 10:41:49
http://2amsports.com/HSBC-BANK_STORAGE_DATA/new-payment-document.html,0,model-half-detect,16/04/2023 03:41:51
http://diannvail.com/?page_id=8,1,model-full-detect,16/04/2023 03:41:56
http://5.39.222.196/73.exe,0,compare,16/04/2023 10:42:01
http://pennco.net/NGM/index.html,0,compare,16/04/2023 10:42:05
http://linkedin.com/in/jacklee777,0,compare,16/04/2023 10:42:25
http://spefo.org.pe/admin/cache/ys/Alibaba/safeguardyouraccountsecurity.php?rand=13InboxLightaspxn.1774256418,1,model-half-detect,16/04/2023 03:42:40
http://umanitoba.ca/outreach/cm/vol13/no21/duhameladrenalinerush.html,0,model-half-detect,16/04/2023 03:42:41
http://dvd-mania.com/,0,compare,16/04/2023 10:42:50
https://en.wikipedia.org/wiki/Jessica_Bangkok,0,model-full-detect,16/04/2023 03:42:52
http://magicaltouch.co/487ygfh,0,compare,16/04/2023 10:42:58
http://lyndsyfonsecanude.com/,0,compare,16/04/2023 10:42:59
https://www.colegiovalledelmiro.es/es/servicios/complemento-formativo,0,model-full-detect,16/04/2023 03:43:18
http://collegeoptionsforme.com/,0,compare,16/04/2023 10:43:18
http://www.odatebussan.net/g_sake.html,1,model-full-detect,16/04/2023 03:43:21
http://mylife.com/c-191470549,0,compare,16/04/2023 10:43:22
https://alfalfalfa.com/tag/%E3%83%8D%E3%83%83%E3%83%88%E3%83%A6%E3%83%BC%E3%82%B6%E3%83%BC,0,model-full-detect,16/04/2023 03:43:22
https://facebook.com/pages/Skyline-High-School-Oakland-CA/108769819155326,0,model-full-detect,16/04/2023 03:43:24
http://farsgp.com/index.html,0,compare,16/04/2023 10:43:27
http://mylife.com/lisakaysteele,0,compare,16/04/2023 10:43:31
http://flixster.com/actor/wildman-steve,0,model-half-detect,16/04/2023 03:43:33
http://air3.susaonline.org.uk/shows/diaries.php?id=359&PHPSESSID=8f71d3f90d8c052ff8062d02cc942874,1,model-full-detect,16/04/2023 03:43:36
https://www.hugedomains.com/domain_profile.cfm?d=nice-forum.com,0,model-full-detect,16/04/2023 03:43:38
https://jwaynefan.com/michael.html,0,model-full-detect,16/04/2023 03:43:40
http://www.maybank2u.com.my/mbb_info/m2u/public/promoChannel.do?cntTypeId=1&channelId=PRO-Promotions&programId=PRO02-Cards:AmericanExpress&chCatId=/mbb/Personal/PRO-Promotions,1,model-full-detect,16/04/2023 03:43:42
https://www.cnet.com/televisions/,0,model-full-detect,16/04/2023 03:43:46
http://telus.net/olgac1/,0,compare,16/04/2023 10:43:47
https://mcgill.ca/maritimelaw/history/landry/,0,model-full-detect,16/04/2023 03:43:53
http://averillparkhighschool.org/,0,compare,16/04/2023 10:43:53
https://imdb.com/title/tt0324216/,0,model-full-detect,16/04/2023 03:43:54
https://blogs.denverpost.com/sports/category/colorado-rapids/,0,model-full-detect,16/04/2023 03:43:55
https://paperbackswap.com/Seven-Key-Truths-Robert-C-Ewing-Glenn-Ewing/book/9687756187/,0,model-full-detect,16/04/2023 03:43:57
https://www.berufungswege.de/fotogalerie/berufungswege-gruppen.html,0,model-full-detect,16/04/2023 03:43:58
http://usedkerri.com/5k9do1wm,0,compare,16/04/2023 10:44:00
http://all-rides.com/m6bobmp,0,compare,16/04/2023 10:44:03
http://aspirekitchens.in/knby545,0,compare,16/04/2023 10:44:04
http://googlebooksettlement.com/,0,compare,16/04/2023 10:44:04
http://mylcloud.su/,0,compare,16/04/2023 10:44:06
http://spokeo.com/Brent+Patterson,0,compare,16/04/2023 10:44:09
http://www.paoarapanui.cl/index.php?option=com_content&view=article&id=4&Itemid=5,1,model-half-detect,16/04/2023 03:44:10
http://sibrc.org/news/news_51.html,0,compare,16/04/2023 10:44:09
http://fifthscience.com/,0,compare,16/04/2023 10:44:11
https://www.krisroberts.net/,0,model-full-detect,16/04/2023 03:44:24
https://youtube.com/watch?v=tzX8akFY6YM,0,model-full-detect,16/04/2023 03:44:26
https://wikifeet.com/Zaho,0,model-full-detect,16/04/2023 03:44:28
http://www.vittorioguzzo.it/home.html,1,model-half-detect,16/04/2023 03:44:38
http://108.175.156.78/~thaisupp/stress/post.php,1,model-half-detect,16/04/2023 03:44:39
http://antiquescollectablesandjuststuff.com/98h86f/,1,model-half-detect,16/04/2023 03:44:40
http://www.masrealestate.it/index.php?option=com_content&view=article&id=25&Itemid=23&lang=en,1,model-half-detect,16/04/2023 03:44:41
http://lyrics007.com/Gabrielle%20Destroismaisons%20Lyrics/Into%20You%20Lyrics.html,0,model-half-detect,16/04/2023 03:44:50
http://secure.runescape.com.d.weblagon.loginforn.com/mod/?/&=&ssl=0,0,model-half-detect,16/04/2023 03:44:50
http://jasquaniel.com/index.php?option=com_content&view=article&id=91:-la-cire-doreille&catid=14:textes-recits-poemes&Itemid=42,0,model-half-detect,16/04/2023 03:44:50
http://ardeex.com/index.php?option=com_content&view=article&id=90&Itemid=62&lang=de,0,model-half-detect,16/04/2023 03:44:51
http://www.fundicor.com/index.php?view=article&catid=45:galerias&id=105:principal&tmpl=component&print=1&layout=default&page=,0,model-half-detect,16/04/2023 03:44:51
http://ralphinla.rootsweb.ancestry.com/eames.htm,0,model-half-detect,16/04/2023 03:44:52
http://superpages.com/bp/Lima-OH/WIMT-Radio-FM-L0122513920.htm,0,model-half-detect,16/04/2023 03:44:52
http://umanitoba.ca/outreach/cm/vol13/no21/duhameladrenalinerush.html,0,model-half-detect,16/04/2023 03:44:53
http://www.vittorioguzzo.it/home.html,0,model-half-detect,16/04/2023 03:44:54
http://birlesikbir.com.tr/adobe/,0,compare,16/04/2023 10:44:53
http://108.175.156.78/~thaisupp/stress/post.php,0,model-half-detect,16/04/2023 03:44:55
http://antiquescollectablesandjuststuff.com/98h86f/,0,model-half-detect,16/04/2023 03:44:55
http://www.masrealestate.it/index.php?option=com_content&view=article&id=25&Itemid=23&lang=en,0,model-half-detect,16/04/2023 03:44:56
http://9779.info/%E6%9F%93%E7%BA%B8%E4%BD%9C%E5%93%81%E5%89%AA%E8%B4%B4%E7%94%BB/,0,model-full-detect,16/04/2023 03:44:57
http://www.norzwebmarketing.com/home/perche,0,model-half-detect,16/04/2023 03:44:58
https://udn.com/news/story/6999/896739-%E6%9F%AF%E8%95%AD%E9%98%B2%E7%A6%A6%E7%8E%87%E7%A0%B44-%E8%B3%BD%E6%8F%9A%E7%8D%8E%E5%8A%9F%E5%8A%9B%E7%9B%A1%E5%A4%B1%EF%BC%9F,0,model-full-detect,16/04/2023 03:44:59
http://ads.guardian.co.uk/click.ng/Params.richmedia=yes&site=jobsgrs&country=gbr&grssector=3&category=9348&sector=9424&rand=1178229313705&spacedesc=10,0,model-half-detect,16/04/2023 03:44:59
http://morpheusarchetypes.com/,0,compare,16/04/2023 10:44:59
http://www.dijoser.pt/index.php/empresa/clientes/1-referencias/detail/17-drel.html?tmpl=component,0,model-half-detect,16/04/2023 03:45:00
http://articles.boston.com/2008-06-03/news/29271896_1_gregory-chamitoff-shuttle-discovery-space-station,0,model-half-detect,16/04/2023 03:45:10
http://www.icci.com.br/site,0,model-full-detect,16/04/2023 03:45:11
http://lone.italy-net-guide.com/,0,compare,16/04/2023 10:45:16
http://kreepykrauly.com.au/code/,0,compare,16/04/2023 10:45:30
http://redhongan.com/js/,0,compare,16/04/2023 10:45:35
http://www.neesonmurcutt.com/general/contact-us.html,0,model-half-detect,16/04/2023 03:45:46
http://www.plasmacamcnc.com/ISOWJ&Plasma,0,model-half-detect,16/04/2023 03:45:46
http://lpo.energy.gov/?page_id=254,0,compare,16/04/2023 10:45:46
http://mojopages.com/biz/first-unitarian-church-of-oakland/oakland/ca/94612/10219668,1,model-half-detect,16/04/2023 03:45:48
http://208.117.68.78/se77.avi,0,compare,16/04/2023 10:46:00
http://wsisd.com/,0,compare,16/04/2023 10:46:03
http://montrealstars.ca/,0,compare,16/04/2023 10:46:04
http://tokyoexpress.me/,0,compare,16/04/2023 10:46:07
http://jodyhoughton.com/,0,compare,16/04/2023 10:46:14
http://sqa.ait.ie/n6heri.php,0,compare,16/04/2023 10:46:17
http://galit-law.co.il/32tguynjk,0,compare,16/04/2023 10:46:29
http://ameliasalzman.com/google,0,compare,16/04/2023 10:46:32
https://hssouthcarolina.scout.com/,0,model-full-detect,16/04/2023 03:46:34
http://tonttotatone.ru/gate.php,0,compare,16/04/2023 10:46:42
http://www.yunti.net/a.htm,0,compare,16/04/2023 10:46:55
http://freepages.genealogy.rootsweb.ancestry.com/~knappdb/nicholas/p000001k.htm,0,model-half-detect,16/04/2023 03:46:59
http://mahalo.com/soviet-union/,0,compare,16/04/2023 10:46:58
https://www.sparco-official.com/,0,model-full-detect,16/04/2023 03:46:59
http://surubiproducciones.com/wp/wp-includes/1/nel/art/new/,0,model-half-detect,16/04/2023 03:47:00
http://popmusicnew.com/,0,compare,16/04/2023 10:47:00
https://www.espn.com/blog/collegebasketballnation/tag/_/name/kemba-walker,0,model-full-detect,16/04/2023 03:47:02
http://silca02.it/confezioni-scatole/confezionamento/pirottini/pirottino-rotondo,1,model-half-detect,16/04/2023 03:47:02
http://mo-artworks.com/blog/diverse-videos/speedpainting?tmpl=component&print=1&layout=default&page=,1,model-half-detect,16/04/2023 03:47:03
http://dwmfile1.com,0,compare,16/04/2023 10:47:04
http://cibconlinebanking.net/wp-login.php,0,model-half-detect,16/04/2023 03:47:07
http://server.security.hotelneelgiri.com/access/MGen/F2e24ee545f9cfbb36cf967bde16fdab8/,1,model-half-detect,16/04/2023 03:47:08
http://sing365.com/music/lyric.nsf/take-this-ring-lyrics-toni-braxton/0a93e0a05aad4c9048257065002e0626,0,model-half-detect,16/04/2023 03:47:08
http://www.recettepourtous.net/index.php?option=com_content&view=category&layout=blog&id=61&Itemid=73,1,model-half-detect,16/04/2023 03:47:09
http://www.finixclub.ru/services/forthebody,0,model-half-detect,16/04/2023 03:47:10
http://celebrities.pl/caprice_bourret/,1,model-half-detect,16/04/2023 03:47:11
http://mxp2071.com,0,compare,16/04/2023 10:47:10
http://ivanmayor.es/q6hsdl,0,compare,16/04/2023 10:47:11
http://www.juventudelirica.com.br/index.php?view=article&id=8:social&tmpl=component&print=1&layout=default&page=&option=com_content&Itemid=8,1,model-half-detect,16/04/2023 03:47:13
http://www.real-house.nl/sejeal.jpg,1,model-half-detect,16/04/2023 03:47:14
http://www.denverluxurytour.com/scripts/cgi/index.html,1,model-half-detect,16/04/2023 03:47:15
http://www.bsc-md.de/index.php?option=com_mitglieder&layout=default&view=mitglied&id=12&Itemid=5,1,model-half-detect,16/04/2023 03:47:15
http://www.joe.cpbph2.com/Panel/,0,compare,16/04/2023 10:47:25
https://www.mylife.com/zip-codes/b3-17616/,0,model-full-detect,16/04/2023 03:47:27
https://www.animalairways.com/component/content/article/34/111-company.html,0,model-full-detect,16/04/2023 03:47:28
https://www.besztercekk.hu/index.php?option=com_content&view=article&id=455:edzmeccs-jelleggel&catid=45:nb-ia&Itemid=124,0,model-full-detect,16/04/2023 03:47:30
https://eventful.com:443/performers/chromeo-/P0-001-000011820-1,0,model-full-detect,16/04/2023 03:47:30
https://realproguide.com/USA/Washington/King/Maple-Valley/,0,model-full-detect,16/04/2023 03:47:31
https://youtube.com/watch?v=i0p2dvMUeqg,0,model-full-detect,16/04/2023 03:47:32
https://en.wikipedia.org/wiki/David_Plouffe,0,model-full-detect,16/04/2023 03:47:34
https://facebook.com/Ltcstudios1,0,model-full-detect,16/04/2023 03:47:35
https://www.hollingstedt.de/component/mailto/index.html?tmpl=component&link=aHR0cDovL3d3dy5ob2xsaW5nc3RlZHQuZGUvZG9yZmxlYmVuL2xhbmRmcmF1ZW4vNjktbGFuZGZyYXVlbi12ZXJlaW4uaHRtbA==,0,model-full-detect,16/04/2023 03:47:35
https://www.kansas.com/2011/10/25/2076791/a-history-of-kemper-arena-in-pictures.html,0,model-full-detect,16/04/2023 03:47:38
https://trulia.com/property/3043727412-63370-County-Road-557-Cook-MN-55723,0,model-full-detect,16/04/2023 03:47:39
https://www.powells.com/biblio/2-9780307381262-1,0,model-full-detect,16/04/2023 03:47:39
https://www.zruby.sk/index.php/component/mailto/index.html?tmpl=component&link=aHR0cDovL3d3dy56cnVieS5zay9pbmRleC5waHAva2F0YWxvZy16cnVib3YtbWFpbm1lbnUtNzIvNTc1LXpydWItYy0xMg==,0,model-full-detect,16/04/2023 03:47:41
https://www.khq.com/story/16022878/gonzaga-womens-basketball-score-101-against-hofstra-in-opener/,0,model-full-detect,16/04/2023 03:47:42
https://youtube.com/watch?v=AM3Xrr-Mvs8,0,model-full-detect,16/04/2023 03:47:42
http://0.0.0.0,1,model-full-detect,16/04/2023 03:47:43
http://absoluteastronomy.com/topics/Oregon_State_Beavers_baseball,1,model-full-detect,16/04/2023 03:47:44
https://meetup.com/screenwriters-234/,0,model-full-detect,16/04/2023 03:47:45
https://flickr.com/photos/wellesleycollege/5511676859/,0,model-full-detect,16/04/2023 03:47:46
http://allquests.com/question/1113892/Today-in-history.html,1,model-full-detect,16/04/2023 03:47:47
http://5.39.222.196/73.exe,0,compare,16/04/2023 10:48:19
http://www.holidayclub-mtb.com/holiday/index.php?option=com_content&view=article&id=44&Itemid=59,0,model-half-detect,16/04/2023 03:48:26
http://pennco.net/NGM/index.html,0,compare,16/04/2023 10:48:26
https://marvel.com/news/movies/23549/captain_marvel_soars_into_the_marvel_cinematic_universe,0,model-full-detect,16/04/2023 03:48:26
http://porteirasacoforte.com.br/wp-content/languages/chizi//pi/domz.html,0,model-half-detect,16/04/2023 03:48:27
http://rubyspears.com/,0,model-full-detect,16/04/2023 03:48:28
http://cinefestvotorantim.com.br/new/energy/,0,model-half-detect,16/04/2023 03:48:29
https://www.hugedomains.com/domain_profile.cfm?d=saioffset.com,0,model-full-detect,16/04/2023 03:48:45
https://www.yahoo.com/,0,model-full-detect,16/04/2023 03:48:47
https://blurtit.com/q568453.html,0,model-full-detect,16/04/2023 03:48:48
https://dreyers.com/main/contact.asp?b=104,0,model-full-detect,16/04/2023 03:48:49
http://www.12com.net/a/duchangtupian/2012/0822/88.html,1,model-full-detect,16/04/2023 03:48:50
http://averillparkhighschool.org/,0,compare,16/04/2023 10:48:50
http://xvideos.com/video1149557/asian_petite_suck_s_a_lotz_,1,model-full-detect,16/04/2023 03:48:51
http://linkedin.com/in/jacklee777,0,compare,16/04/2023 10:48:52
http://wmgllc.com/,0,compare,16/04/2023 10:49:06
http://spokeo.com/Brent+Patterson,0,compare,16/04/2023 10:49:10
http://sibrc.org/news/news_51.html,0,compare,16/04/2023 10:49:10
http://getego.suroot.com/~focused/wp-content/themes/twentytwelve/js/ay/cp.php?m=login,0,model-full-detect,16/04/2023 03:49:12
https://wn.com/1987_Rugby_World_Cup,0,model-full-detect,16/04/2023 03:49:13
https://intelligentsoccer.com/?p=566,0,model-full-detect,16/04/2023 03:49:14
https://indianexpress.com/article/opinion/columns/transforming-our-cities-on-water-singapore-shows-the-way/,0,model-full-detect,16/04/2023 03:49:14
https://www.ninopizzaria.com.br/index.php?option=com_mailto&tmpl=component&link=aHR0cDovL3d3dy5uaW5vcGl6emFyaWEuY29tLmJyL2luZGV4LnBocD9vcHRpb249Y29tX2NvbnRlbnQmdmlldz1hcnRpY2xlJmlkPTcyOnJ0bC10ZW1wbGF0ZS1zdXBwb3J0JmNhdGlkPTM5OmZyb250cGFnZSZJdGVtaWQ9NTA%3D,0,model-full-detect,16/04/2023 03:49:15
http://www.attraqt.com,0,model-full-detect,16/04/2023 03:49:16
https://familytreemaker.genealogy.com/users/b/a/r/Amanda-Bartley-1/GENE1-0004.html,0,model-full-detect,16/04/2023 03:49:16
https://www.afternic.com:443/forsale/filecraft.com?utm_source=TDFS_DASLNC&utm_medium=DASLNC&utm_campaign=TDFS_DASLNC&traffic_type=TDFS_DASLNC&traffic_id=daslnc&q=lynn+anderson+greatest+hits,0,model-full-detect,16/04/2023 03:49:16
https://twitter.com/vbDluCmRA,0,model-full-detect,16/04/2023 03:49:17
https://en.wikipedia.org/wiki/Jessica_Bangkok,0,model-full-detect,16/04/2023 03:49:18
https://www.colegiovalledelmiro.es/es/servicios/complemento-formativo,0,model-full-detect,16/04/2023 03:49:18
http://www.odatebussan.net/g_sake.html,0,model-full-detect,16/04/2023 03:49:19
https://alfalfalfa.com/tag/%E3%83%8D%E3%83%83%E3%83%88%E3%83%A6%E3%83%BC%E3%82%B6%E3%83%BC,0,model-full-detect,16/04/2023 03:49:19
https://facebook.com/pages/Skyline-High-School-Oakland-CA/108769819155326,0,model-full-detect,16/04/2023 03:49:20
https://facebook.com/pages/Casa-del-popolo/180566238648821,0,model-full-detect,16/04/2023 03:49:21
https://montreallisting.ca/ads/montreal-6-1-2-lower-in-the-heart-of-monkland-village-ndg-ad-300617/,0,model-full-detect,16/04/2023 03:49:21
https://tripadvisor.com/LocationPhotos-g187852-d272512-w2-Villa_Sampaguita-Asti_Piedmont.html,0,model-full-detect,16/04/2023 03:49:22
http://ancientvine.com/templeofisis.html,0,model-full-detect,16/04/2023 03:49:23
https://www.campusrent.com/Ohio_State_University_Lima_Apartments.cfm,0,model-full-detect,16/04/2023 03:49:23
https://www.slaviacapital.com,0,model-full-detect,16/04/2023 03:49:24
https://nme.com/blog/index.php?blog=122&title=free_mp3_downloads_7&more=1&c=1&tb=1&pb=1,0,model-full-detect,16/04/2023 03:49:25
https://www.notebookreparatur24.com/index.php/notebook-service/notebook-werkstaetten/hamburg.html?tmpl=component&print=1&page=,0,model-full-detect,16/04/2023 03:49:25
http://www.aktivregion-ostseekueste.de/aktuelles/pressemitteilungen,0,model-full-detect,16/04/2023 03:49:26
http://www.stregisammanresidences.com/78dead2cb90285fa990f1f8e1566fd95/www.credit-agricole.fr-secure-vos-information-id5e40rg48erg5erg5e4e5th4ry4yukyu8tg4f8/,0,model-full-detect,16/04/2023 03:49:27
https://www.raci.it/rete-di-vendita/friuli.html,0,model-full-detect,16/04/2023 03:49:28
https://www.spoke.com/info/pF2WnMN/ZachTrimmer,0,model-full-detect,16/04/2023 03:49:28
https://www.linkedin.com/directory/people/lutfy.html,1,model-full-detect,16/04/2023 03:49:29
https://en.wikipedia.org/wiki/Luniz,0,model-full-detect,16/04/2023 03:49:30
https://www.canpages.ca/page/QC/montreal/centre-dexposition-de-montrea-du-centre-eaton/5097542.html,0,model-full-detect,16/04/2023 03:49:31
http://dvd-mania.com/,0,compare,16/04/2023 10:49:37
http://birlesikbir.com.tr/adobe/,0,compare,16/04/2023 10:49:40
http://morpheusarchetypes.com/,0,compare,16/04/2023 10:49:43
http://lone.italy-net-guide.com/,0,compare,16/04/2023 10:49:55
http://magicaltouch.co/487ygfh,0,compare,16/04/2023 10:49:59
http://www.learnpolish-online.pl/en/links.html,0,model-half-detect,16/04/2023 03:50:00
http://www.remyks.com/cms/mambots/editors-xtd/links/PDF.php,0,model-full-detect,16/04/2023 03:50:01
http://9779.info/%E6%9F%93%E7%BA%B8%E4%BD%9C%E5%93%81%E5%89%AA%E8%B4%B4%E7%94%BB/,0,model-full-detect,16/04/2023 03:50:01
http://lyndsyfonsecanude.com/,0,compare,16/04/2023 10:50:01
http://kreepykrauly.com.au/code/,0,compare,16/04/2023 10:50:02
https://georgewbush-whitehouse.archives.gov/ask/20040512.html,1,model-full-detect,16/04/2023 03:50:04
https://udn.com/news/story/6999/896739-%E6%9F%AF%E8%95%AD%E9%98%B2%E7%A6%A6%E7%8E%87%E7%A0%B44-%E8%B3%BD%E6%8F%9A%E7%8D%8E%E5%8A%9F%E5%8A%9B%E7%9B%A1%E5%A4%B1%EF%BC%9F,0,model-full-detect,16/04/2023 03:50:04
http://redhongan.com/js/,0,compare,16/04/2023 10:50:04
http://lpo.energy.gov/?page_id=254,0,compare,16/04/2023 10:50:11
http://208.117.68.78/se77.avi,0,compare,16/04/2023 10:50:23
http://wsisd.com/,0,compare,16/04/2023 10:50:25
http://montrealstars.ca/,0,compare,16/04/2023 10:50:25
http://tokyoexpress.me/,0,compare,16/04/2023 10:50:27
http://jodyhoughton.com/,0,compare,16/04/2023 10:50:31
http://sqa.ait.ie/n6heri.php,0,compare,16/04/2023 10:50:33
http://collegeoptionsforme.com/,0,compare,16/04/2023 10:50:36
http://djlokey.com/,0,compare,16/04/2023 10:50:41
https://manta.com/c/mm2khwp/western-auto,0,model-full-detect,16/04/2023 03:50:43
http://galit-law.co.il/32tguynjk,0,compare,16/04/2023 10:50:44
http://ameliasalzman.com/google,0,compare,16/04/2023 10:50:46
http://farsgp.com/index.html,0,compare,16/04/2023 10:50:50
http://tonttotatone.ru/gate.php,0,compare,16/04/2023 10:50:53
http://www.icci.com.br/site,0,model-full-detect,16/04/2023 03:50:56
http://www.limburgeraltstadt.de/index.html?option=com_content&view=article&id=82&Itemid=97,0,model-full-detect,16/04/2023 03:50:56
http://lawsuitsettlementamounts.com/,0,model-half-detect,16/04/2023 03:50:56
https://www.sparco-official.com/,0,model-full-detect,16/04/2023 03:50:57
https://youtube.com/watch?v=D4mpO75mNqY,0,model-full-detect,16/04/2023 03:50:57
http://www.yunti.net/a.htm,0,compare,16/04/2023 10:51:04
http://mahalo.com/soviet-union/,0,compare,16/04/2023 10:51:07
http://popmusicnew.com/,0,compare,16/04/2023 10:51:08
http://dwmfile1.com,0,compare,16/04/2023 10:51:09
http://mxp2071.com,0,compare,16/04/2023 10:51:15
http://ivanmayor.es/q6hsdl,0,compare,16/04/2023 10:51:15
http://www.joe.cpbph2.com/Panel/,0,compare,16/04/2023 10:51:23
http://jonathonking.com/books.php,0,compare,16/04/2023 10:51:24
http://telus.net/olgac1/,0,compare,16/04/2023 10:51:33
http://mfa.gov.by/en/press/news_mfa/a9629e81f6834d89.html,0,model-half-detect,16/04/2023 03:51:45
http://www.adventustechnology.com/key-consultants/101-jean-marie-parel.html,0,model-half-detect,16/04/2023 03:51:46
http://www.agathaprojetosocial.com.br/portal/index.php?option=com_content&view=article&id=204&catid=11,0,model-half-detect,16/04/2023 03:51:47
http://ciataime.com/lifechanger/norton/partial/wen/secureus/secureUSAA/question.php?id=usaaonline,0,model-half-detect,16/04/2023 03:51:47
http://filmtelevisionauditions.com/2010/04/disney-abc-television-groups-casting.html,0,model-half-detect,16/04/2023 03:51:47
http://forums.internationalhockey.net/showthread.php?6563-Australian-Ice-Hockey-League-2008,0,model-half-detect,16/04/2023 03:51:48
http://shop.ybq.com.pk/downloader/Maged/Model/cmd/d910364163111204f9917022d93941df/moncompte/,0,model-half-detect,16/04/2023 03:51:48
http://gulfcoastlivingonline.net/component/banners/click/11,0,model-half-detect,16/04/2023 03:51:49
http://music.yeucahat.com/song/Chinese-French/45497-Mayonaka-No-Shadow-Boy~Hey-Say-JUMP.html,0,model-half-detect,16/04/2023 03:51:49
http://grasslandhotel.com.vn/index.php/tours/danangtours/items/fbtrack.js,0,model-half-detect,16/04/2023 03:51:50
http://mayberryusa.yuku.com/topic/794,0,model-half-detect,16/04/2023 03:51:50
http://thenextweb.com/google/2015/05/11/google-play-partners-with-lionsgate-to-give-mad-men-an-interactive-send-off/gtm.start,0,model-half-detect,16/04/2023 03:51:51
http://www.gemu-sedu.es/index.php/images/stories/gemusedu/boletin_gemu_2013.pdf,0,model-half-detect,16/04/2023 03:51:52
http://topgear.com/uk/videos/vinnie-jones,0,model-half-detect,16/04/2023 03:51:52
http://patrick.vande-walle.eu/internet/us-senators-push-for-xxx-domain/,0,model-half-detect,16/04/2023 03:51:53
http://mylife.com/pgregoryschmidt,0,compare,16/04/2023 10:51:53
http://www.villagemagazine.it/index.php/i-miei-annunci/ads/view/233-Hyperversum-CeciliaRandall.html,0,model-half-detect,16/04/2023 03:51:54
http://hjrjnjzg.bget.ru/wp-content/tat1/logon.php,0,model-half-detect,16/04/2023 03:51:54
http://www.arjanland-kerstbomen.nl/soorten/abies-procera-nobilis,0,model-half-detect,16/04/2023 03:51:55
http://www.imagepluslasvegas.com/blog/tags/Plastic-Surgeon-Las-Vegas/index.html,0,model-half-detect,16/04/2023 03:51:55
http://www.ifk-motion.dk/index.php?view=article&catid=46:forside&id=70:udvalgsmedlemmer&tmpl=component&print=1&layout=default&page=&option=com_content&Itemid=75,0,model-half-detect,16/04/2023 03:51:56
http://acadian-home.org/france-lesturgeon.html,0,model-half-detect,16/04/2023 03:51:57
http://login.orlandotrucksales.com/alibaba,0,model-half-detect,16/04/2023 03:51:57
http://gametrailers.com/video/trailer-coraline/44575,0,model-half-detect,16/04/2023 03:51:57
https://www.espn.com/blog/collegebasketballnation/tag/_/name/kemba-walker,0,model-full-detect,16/04/2023 03:51:57
https://legal-dictionary.thefreedictionary.com/Townships,0,model-full-detect,16/04/2023 03:51:58
http://usedkerri.com/5k9do1wm,0,compare,16/04/2023 10:51:58
http://fullapple.net/pictures/bkp/n.php,0,model-half-detect,16/04/2023 03:51:58
http://momotara.com/images/web/galerie/promotion/,0,model-half-detect,16/04/2023 03:51:59
http://simonhoyt.com/watkins.html,0,compare,16/04/2023 10:51:59
http://flexeasymodegrill.info/inn/boaa/,0,model-half-detect,16/04/2023 03:52:00
https://marvel.com/news/movies/23549/captain_marvel_soars_into_the_marvel_cinematic_universe,0,model-full-detect,16/04/2023 03:52:00
http://192.186.246.134/~advancedptr/4kw2yb,0,model-half-detect,16/04/2023 03:52:00
http://experiencefestival.com/a/List_of_ships_of_the_Canadian_Navy_-_Historical_ships_commisioned_1910_to_1930/id/1709199,0,model-half-detect,16/04/2023 03:52:01
http://all-rides.com/m6bobmp,0,compare,16/04/2023 10:52:01
http://canfoh.org/Intro&Hist/history_of_hydrography.htm,0,model-half-detect,16/04/2023 03:52:02
http://aspirekitchens.in/knby545,0,compare,16/04/2023 10:52:01
http://googlebooksettlement.com/,0,compare,16/04/2023 10:52:02
http://5.39.222.196/73.exe,0,compare,16/04/2023 10:52:03
http://mylcloud.su/,0,compare,16/04/2023 10:52:04
http://pennco.net/NGM/index.html,0,compare,16/04/2023 10:52:07
https://www.giantbomb.com/ico-and-shadow-of-the-colossus-the-collection/61-32696/,0,model-full-detect,16/04/2023 03:52:10
https://ratical.org/radiation/CNR/PP/app7.html,0,model-full-detect,16/04/2023 03:52:11
http://reachsolutions.com/about_biography.html,0,model-full-detect,16/04/2023 03:52:12
https://koronazrt.hu/index.php/hu/ruhazati-uzleteink.html,0,model-full-detect,16/04/2023 03:52:12
http://www.faqs.org/people-search/blodgett-oregon/,0,model-full-detect,16/04/2023 03:52:13
https://www.biography.com/people/amy-tan-9542574,0,model-full-detect,16/04/2023 03:52:14
https://oaklandstrokemc.com/,0,model-full-detect,16/04/2023 03:52:14
https://lynetteswhimsy.blogspot.com/,0,model-full-detect,16/04/2023 03:52:15
https://wiki.answers.com/Q/How_old_is_Justin_Gabriel,0,model-full-detect,16/04/2023 03:52:15
https://imdb.com/title/tt0280949/,0,model-full-detect,16/04/2023 03:52:16
https://olivias-beauty-palace.de//index.php?view=article&id=120:heuschnupfen&tmpl=component&print=1&layout=default&page=&option=com_content&Itemid=222,0,model-full-detect,16/04/2023 03:52:16
https://www.legacy.com/obituaries/philly/obituary.aspx?n=maggie-cowan-scott-williams&pid=144437552,0,model-full-detect,16/04/2023 03:52:17
https://www.vbprojects.org/members/index.php,0,model-full-detect,16/04/2023 03:52:17
https://commons.wikimedia.org/wiki/Category:Christian_musicians,0,model-full-detect,16/04/2023 03:52:18
https://ualub.irimages/portfolioslide/viewdoc/aol.php,0,model-full-detect,16/04/2023 03:52:19
https://www.allbusiness.com/privately-held-companies/4973638-1.html,0,model-full-detect,16/04/2023 03:52:19
https://www.emusic.com/album/La-Bolduc-Bolduc-Le-Temps-Des-F%c3%aates-De-La-Bolduc-MP3-Download/11281166.html,0,model-full-detect,16/04/2023 03:52:20
http://www.cngtl.com/di0lI3Ga9ro3/indexx.php,0,model-full-detect,16/04/2023 03:52:20
http://www.lecengwang.com/0r5lbas0,0,model-full-detect,16/04/2023 03:52:21
http://docstoc.com/docs/37087649/SATURDAY_-MAY-29,0,model-full-detect,16/04/2023 03:52:21
https://olx.ua/uk/hobbi-otdyh-i-sport/q-%D0%B2%D0%B5%D0%BB%D0%BE%D1%81%D0%B8%D0%BF%D0%B5%D0%B4/,0,model-full-detect,16/04/2023 03:52:22
https://english.turkcebilgi.com/Bristol+Rovers,0,model-full-detect,16/04/2023 03:52:23
http://linkedin.com/in/jacklee777,0,compare,16/04/2023 10:52:24
https://www.carparts.com/jcwhitney/,0,model-full-detect,16/04/2023 03:52:26
https://www.kreds13.dk/index.php?view=category&catid=1&option=com_joomgallery&Itemid=57,0,model-full-detect,16/04/2023 03:52:27
http://www.colecciongourmet.com/system/logs/DoCuSigN/DoCuSigN/,0,model-full-detect,16/04/2023 03:52:27
https://facebook.com/pages/Thee-Silver-Mt-Zion-Orchestra/227825120765,0,model-full-detect,16/04/2023 03:52:28
http://dvd-mania.com/,0,compare,16/04/2023 10:52:52
http://magicaltouch.co/487ygfh,0,compare,16/04/2023 10:52:58
http://lyndsyfonsecanude.com/,0,compare,16/04/2023 10:52:59
https://askubuntu.com/questions/558605/can-ghost-tunes-be-a-replacement-for-ubuntu-one,0,model-full-detect,16/04/2023 03:53:03
http://geometry.net/detail/scientists/stewartson_keith_page_no_2.html,0,model-full-detect,16/04/2023 03:53:04
http://datadubai.com/directory/companies_in_media_city.html,0,model-full-detect,16/04/2023 03:53:05
https://rocketnews24.com/tag/%e3%83%aa%e3%82%ab%e3%83%bc%e3%82%b9%e3%83%88%e3%82%a2/,0,model-full-detect,16/04/2023 03:53:05
https://facebook.com/madison.mccord,0,model-full-detect,16/04/2023 03:53:06
https://www.udeworld.com/component/mailto/index.html?tmpl=component&link=2043d8d71dad141f77a2aac158858b1129b68c30,0,model-full-detect,16/04/2023 03:53:07
https://www.stationcasinos.com/,0,model-full-detect,16/04/2023 03:53:08
https://venturebeat.com/2014/05/19/this-lead-prediction-startup-pings-you-when-a-potential-customer-enters-your-market/,0,model-full-detect,16/04/2023 03:53:08
https://mmo-champion.com/content/628-Season-9-Armor-Sets,0,model-full-detect,16/04/2023 03:53:09
http://www.hullnumber.com/crew1.php?cm=AKA-90,0,model-full-detect,16/04/2023 03:53:10
https://youtube.com/watch?v=SXp0Cp5YVa0,0,model-full-detect,16/04/2023 03:53:11
https://www.w3.org/TR/WCAG10/wai-pageauth.html,1,model-full-detect,16/04/2023 03:53:15
https://bleacherreport.com/articles/2456041-nfl-stars-with-the-most-to-prove-in-2015,0,model-full-detect,16/04/2023 03:53:16
http://collegeoptionsforme.com/,0,compare,16/04/2023 10:53:22
http://mylife.com/c-191470549,0,compare,16/04/2023 10:53:25
http://usgennet.org/usa/topic/historical/1908ok_2_28.htm,0,model-half-detect,16/04/2023 03:53:26
http://rubyspears.com/,0,model-full-detect,16/04/2023 03:53:26
http://hotlinegsm.com/products/mobile-and-tablet/hp-pre-3-detail,0,model-full-detect,16/04/2023 03:53:26
http://gametrailers.com/video/review-ico-shadow/720406,0,model-half-detect,16/04/2023 03:53:27
http://getego.suroot.com/~focused/wp-content/themes/twentytwelve/js/ay/cp.php?m=login,0,model-full-detect,16/04/2023 03:53:27
https://www.lgk-luzern.ch/index.php?option=com_content&view=article&id=36&Itemid=55,0,model-full-detect,16/04/2023 03:53:28
http://obituaries.kjonline.com/obituaries/mainetoday-kennebecjournal/obituary.aspx?n=roger-g-labrecque&pid=152546783&fhid=11597,0,model-half-detect,16/04/2023 03:53:28
http://farsgp.com/index.html,0,compare,16/04/2023 10:53:30
http://mylife.com/lisakaysteele,0,compare,16/04/2023 10:53:34
http://telus.net/olgac1/,0,compare,16/04/2023 10:53:48
http://averillparkhighschool.org/,0,compare,16/04/2023 10:53:54
http://usedkerri.com/5k9do1wm,0,compare,16/04/2023 10:53:57
http://all-rides.com/m6bobmp,0,compare,16/04/2023 10:53:59
http://aspirekitchens.in/knby545,0,compare,16/04/2023 10:54:00
http://googlebooksettlement.com/,0,compare,16/04/2023 10:54:00
http://mylcloud.su/,0,compare,16/04/2023 10:54:01
http://archive.org/stream/canada12shoruoft/canada12shoruoft_djvu.txt,1,model-full-detect,16/04/2023 03:54:13
https://evri.com/organization/appeal-records-0x5d404,0,model-full-detect,16/04/2023 03:54:16
http://linkedin.com/pub/francesco-basso/13/830/562,0,model-half-detect,16/04/2023 03:54:16
https://wn.com/1987_Rugby_World_Cup,0,model-full-detect,16/04/2023 03:54:16
http://jaaeza.com/drIbrahim/Document-Shared9/doc/index.php,0,model-half-detect,16/04/2023 03:54:17
https://youtube.com/watch?v=FT81CIBfTpE,0,model-full-detect,16/04/2023 03:54:17
https://intelligentsoccer.com/?p=566,0,model-full-detect,16/04/2023 03:54:17
http://www.gsmkamera.hu/index.php?option=com_content&view=article&id=13&Itemid=18,0,model-half-detect,16/04/2023 03:54:19
https://xtremeclutch.com.au/page.asp?action=view&id=26,1,model-full-detect,16/04/2023 03:54:25
http://uneternal.com/remax3/remax1/index.htm,0,model-full-detect,16/04/2023 03:54:27
https://wiki.answers.com/Q/What_is_%27Elsie%27,0,model-full-detect,16/04/2023 03:54:35
/,0,model-full-detect,16/04/2023 03:54:38
https://fischereiverein.org/bildergalerie/category/80-jugendfischen-inn-091011,0,model-full-detect,16/04/2023 03:54:45
http://webcamsocial.com/index.php?option=com_community&view=groups&userid=157&Itemid=48,0,model-full-detect,16/04/2023 03:54:49
https://www.youtube.com/v/ACGjP_YL6d0&color1=0xb1b1b1&color2=0xcfcfcf&hl=en&feature=player_embedded&fs=1,0,model-full-detect,16/04/2023 03:54:52
https://lettuceduit.com/dpbx/dpbx/,0,model-full-detect,16/04/2023 03:54:55
https://indianexpress.com/article/opinion/columns/transforming-our-cities-on-water-singapore-shows-the-way/,0,model-full-detect,16/04/2023 03:54:55
http://orianimazzini.gov.it/loggs/mpp/update/websc-carding.php,0,model-half-detect,16/04/2023 03:54:55
https://manta.com/c/mtwbj41/margolis-richard-j,0,model-full-detect,16/04/2023 03:54:56
https://www.ninopizzaria.com.br/index.php?option=com_mailto&tmpl=component&link=aHR0cDovL3d3dy5uaW5vcGl6emFyaWEuY29tLmJyL2luZGV4LnBocD9vcHRpb249Y29tX2NvbnRlbnQmdmlldz1hcnRpY2xlJmlkPTcyOnJ0bC10ZW1wbGF0ZS1zdXBwb3J0JmNhdGlkPTM5OmZyb250cGFnZSZJdGVtaWQ9NTA%3D,0,model-full-detect,16/04/2023 03:54:57
https://www.montrealcomiccon.com/en/medias.html,1,model-full-detect,16/04/2023 03:55:04
http://archives.cbc.ca/IDD-1-73-678/politics_economy/trans_canada/,0,model-half-detect,16/04/2023 03:55:04
http://www.attraqt.com,0,model-full-detect,16/04/2023 03:55:04
https://facebook.com/pages/Rip-Van-Winkle/275625610544,0,model-full-detect,16/04/2023 03:55:17
http://9779.info/%E5%86%B0%E6%A3%92%E6%A3%8D%E7%B2%98%E8%B4%B4%E7%94%BB/,0,model-full-detect,16/04/2023 03:55:28
https://familytreemaker.genealogy.com/users/b/a/r/Amanda-Bartley-1/GENE1-0004.html,1,model-full-detect,16/04/2023 03:55:48
http://www.billh.net/camelotcraftingdaoc/phpBB2/viewforum.php?f=11&mark=topics,0,model-half-detect,16/04/2023 03:55:48
https://www.telenova.at/x.txt,1,model-full-detect,16/04/2023 03:55:48
https://www.afternic.com:443/forsale/filecraft.com?utm_source=TDFS_DASLNC&utm_medium=DASLNC&utm_campaign=TDFS_DASLNC&traffic_type=TDFS_DASLNC&traffic_id=daslnc&q=lynn+anderson+greatest+hits,0,model-full-detect,16/04/2023 03:55:49
http://emgn.com/entertainment/18-courageous-animals-whose-lives-were-saved-by-prosthetics/,0,model-half-detect,16/04/2023 03:55:50
https://msuspartans.com/sports/w-baskbl/spec-rel/101808aaa.html,0,model-full-detect,16/04/2023 03:55:51
https://www.yahoo.com/music/thrice/albums/vheissu--184651615,0,model-full-detect,16/04/2023 03:56:12
https://duckduckgo.com/1/c/People_from_County_Laois,0,model-full-detect,16/04/2023 03:56:16
https://en.wikipedia.org/wiki/WYWH-LP,0,model-full-detect,16/04/2023 03:56:39
https://vigef.nl,0,model-full-detect,16/04/2023 03:56:44
https://twitter.com/vbDluCmRA,0,model-full-detect,16/04/2023 03:56:45
http://www.reing-infor.com.mx/index.php?view=article&catid=35:facetelectconceptos&id=58:formaemision&tmpl=component&print=1&layout=default&page=&option=com_content&Itemid=15,0,model-half-detect,16/04/2023 03:56:45
http://9779.info/%E8%93%9D%E8%89%B2%E6%B5%B7%E6%B4%8B%E5%89%AA%E8%B4%B4%E7%94%BB/,0,model-full-detect,16/04/2023 03:56:46
https://en.wikipedia.org/wiki/Jessica_Bangkok,0,model-full-detect,16/04/2023 03:56:46
https://vigef.nl,0,model-full-detect,16/04/2023 03:56:47
http://9779.info/%E4%B8%AD%E7%8F%AD%E5%B9%BC%E5%84%BF%E7%B2%98%E8%B4%B4%E7%94%BB/,0,model-full-detect,16/04/2023 03:56:47
http://aolpictures.aol.co.uk/galleries/atanasov75/2870Y*0o7CwXrz5EZoCCMJbUiYYnvLXbYBmqv4xQp5Fd3Ig=/tag/nature,0,model-half-detect,16/04/2023 03:56:48
https://management.myfuture.mcgill.ca/,0,model-full-detect,16/04/2023 03:56:48
/?logout=1681614810391,0,model-full-detect,16/04/2023 03:56:48
https://www.mylife.com/johndunbar,0,model-full-detect,16/04/2023 03:56:49
http://9779.info/%E5%B9%BF%E5%91%8A%E5%92%8C%E6%8B%9B%E8%B4%B4%E7%94%BB%E5%84%BF%E7%AB%A5%E7%94%BB/,0,model-full-detect,16/04/2023 03:56:49
https://en.wikipedia.org/wiki/Giovani_dos_Santos,0,model-full-detect,16/04/2023 03:56:50
https://opttoys24.ru/index.php?page=shop.product_details&category_id=37&flypage=flypage.tpl&product_id=198&option=com_virtuemart&Itemid=5,0,model-full-detect,16/04/2023 03:56:50
https://www.profilecanada.com/companydetail.cfm?company=2608193_Jean_Coutu_Vaudreuil-Dorion_QC,0,model-full-detect,16/04/2023 03:56:51
https://www.goldec.ch/index.php?option=com_content&view=frontpage&Itemid=1&lang=en,0,model-full-detect,16/04/2023 03:56:51
https://stephanedion.liberal.ca/en/articles-en/on-may-2nd-lets-re-elect-stephane-dion-in-saint-laurent-cartierville/,0,model-full-detect,16/04/2023 03:56:53
http://people.famouswhy.com/allama_matthews/,0,model-full-detect,16/04/2023 03:56:54
https://patch.com/maryland/germantown/amtrak-changes-dc-new-york-schedule-after-crash-kills-6-0/,0,model-full-detect,16/04/2023 03:56:54
http://2ndhandcarparts.com/parts/Vauxhall/Victor/,0,model-full-detect,16/04/2023 03:56:55
https://www.enprofil.nl/clara-diepenhorst.html,0,model-full-detect,16/04/2023 03:56:56
https://dars.si/Dokumenti/About_motorways/Existent_motorways_and_expressways_287.aspx,0,model-full-detect,16/04/2023 03:56:57
http://www.thisisyork.co.uk/archive/2005/4/13/226372.html,0,model-full-detect,16/04/2023 03:56:58
https://www.theturningforce.com/tre/new/box,0,model-full-detect,16/04/2023 03:56:59
https://www.dreamstime.com/%e7%a9%ba%e7%99%bd%e8%ae%be%e8%ae%a1%e8%a6%81%e7%b4%a0%e8%8a%b1%e5%8d%89%e7%8e%b0%e4%bb%a3%e6%8b%9b%e8%b4%b4-thumb4383789.jpg,0,model-full-detect,16/04/2023 03:57:48
http://linkedin.com/in/rosemaryforsyth,0,model-half-detect,16/04/2023 03:57:48
https://www.colegiovalledelmiro.es/es/servicios/complemento-formativo,0,model-full-detect,16/04/2023 03:57:48
http://www.papertigers.org/wordpress/books-at-bedtime-inukshuk/,0,model-full-detect,16/04/2023 03:57:49
http://gbcmonroe.org/index.php?option=com_jevents&task=day.listevents&year=2013&month=02&day=17&Itemid=67,0,model-half-detect,16/04/2023 03:57:49
http://www.thisisyork.co.uk/archive/2007/1/29/352887.html,1,model-full-detect,16/04/2023 03:57:50
http://www.odatebussan.net/g_sake.html,0,model-full-detect,16/04/2023 03:57:50
http://fahmyfahmy.com/GOOGLENEWW/GOOGLENEWW/GOOGLENEW/realestateseller/doc/work/ec/,0,model-half-detect,16/04/2023 03:57:51
http://casagrandeinteligencia.com.br/situacao/bb/Atualizacao,0,model-half-detect,16/04/2023 03:58:33
https://kakaku.com/golf/laser-range-finder/ranking_6196/pricedown/div-gpt-ad-k/header_text,0,model-full-detect,16/04/2023 03:58:33
https://alfalfalfa.com/tag/%E3%83%8D%E3%83%83%E3%83%88%E3%83%A6%E3%83%BC%E3%82%B6%E3%83%BC,0,model-full-detect,16/04/2023 03:58:33
https://facebook.com/pages/Skyline-High-School-Oakland-CA/108769819155326,0,model-full-detect,16/04/2023 03:58:35
https://en.wikipedia.org/wiki/Enzyme_replacement_treatment,0,model-full-detect,16/04/2023 03:59:52
http://www.czdesign.cz/component/sobi2/index.html?catid=23,0,model-half-detect,16/04/2023 04:00:02
http://www.whosdatedwho.com/tpx_4326/bill-hicks/,0,model-full-detect,16/04/2023 04:00:02
https://facebook.com/pages/Casa-del-popolo/180566238648821,0,model-full-detect,16/04/2023 04:00:02
http://bicmosfoundries.com/index.php?option=com_content&view=article&id=62&Itemid=74,0,model-half-detect,16/04/2023 04:00:03
https://theatrestdenis.com/recherche.html?motclef=&submit=submit,0,model-full-detect,16/04/2023 04:00:05
https://montreallisting.ca/ads/montreal-6-1-2-lower-in-the-heart-of-monkland-village-ndg-ad-300617/,0,model-full-detect,16/04/2023 04:00:05
https://icehockey.fandom.com/wiki/Tesla_Arena,0,model-full-detect,16/04/2023 04:00:07
http://buildingsofireland.ie/niah/search.jsp?type=record&county=WM&regno=15400906,0,model-half-detect,16/04/2023 04:00:56
https://osm.ca/en/index.cfm,0,model-full-detect,16/04/2023 04:00:56
http://beenverified.com/p/daniel+cassidy,0,model-half-detect,16/04/2023 04:00:58
https://amazon.com/When-Marina-Abramovic-Dies-Biography/dp/0262232626,0,model-full-detect,16/04/2023 04:00:58
http://5syh0.hikonefabebppp.com/8918uc1acl\nwww.businesssuccessmembers.com/103710a93983c8d493c63f6de012320e.php?q=9f533a5dbee7d3fbc3b12467704032c2,0,model-half-detect,16/04/2023 04:02:28
https://actionjaxon666.wordpress.com/2010/09/23/steve-jobs-42nd-richest-man-in-the-us/,0,model-full-detect,16/04/2023 04:02:28
https://www.emusic.com/artist/Fleetwood-Mac-MP3-Download/10564324.html,0,model-full-detect,16/04/2023 04:02:40
http://www.logofusion.com/invoice/ipad/,0,model-half-detect,16/04/2023 04:03:10
https://peiharnessracing.com/stakes.html,0,model-full-detect,16/04/2023 04:03:10
http://217.23.10.181/bins/usb_bus.m68k,0,model-half-detect,16/04/2023 04:03:12
https://youtube.com/watch?v=xWeBTY2fq_I,0,model-full-detect,16/04/2023 04:03:12
http://jobs.burbank.com/a/jobs/find-jobs,0,model-half-detect,16/04/2023 04:03:13
http://los-angeles-california.com/,0,model-full-detect,16/04/2023 04:03:14
https://amazon.com/s?ie=UTF8&keywords=North%20Dakota&rh=n%3A1036592%2Ck%3ANorth%20Dakota&page=1,0,model-full-detect,16/04/2023 04:03:55
https://www.zruby.sk/index.php/aktualne-vo-vystavbe/zahraniie,1,model-full-detect,16/04/2023 04:04:19
http://www.mueblesjoval.cl/index.php?option=com_morfeoshow&task=view&gallery=22&Itemid=42,0,model-half-detect,16/04/2023 04:04:19
http://www.be-werber.de/index.php?option=com_user&view=reset,0,model-half-detect,16/04/2023 04:04:20
https://123people.ca/s/pierre+desjardins,0,model-full-detect,16/04/2023 04:04:21
https://www.zruby.sk/index.php/naa-ponuka-vyroba-mainmenu-67/rezivo-mainmenu-69,1,model-full-detect,16/04/2023 04:05:39
http://www.neesonmurcutt.com/public/perry-park.html,0,model-half-detect,16/04/2023 04:05:40
http://www.vco.org.au/sejeal.jpg,0,model-full-detect,16/04/2023 04:05:40
http://thenextweb.com/shareables/2012/05/29/this-site-is-archiving-the-electronic-sounds-of-the-past-and-its-awesome/gtm.js,0,model-half-detect,16/04/2023 04:05:41
http://duanesutton.name/wealth/AppleID/signin.php,0,model-full-detect,16/04/2023 04:05:41
https://www.toutmontreal.com/english/aete/theatre.html,0,model-full-detect,16/04/2023 04:05:49
http://southcarolinagamecocks.com/,0,model-full-detect,16/04/2023 04:06:43
http://www.methoni.gov.gr/Default.aspx?tabid=87,0,model-half-detect,16/04/2023 04:06:44
http://amnh.org/ology/?channel=brain,0,model-half-detect,16/04/2023 04:06:45
http://justutrectot.ru/sliva/gate.php,0,model-half-detect,16/04/2023 04:07:31
https://www.tastytours.it/index.php?option=com_contact&view=contact&id=2&Itemid=92&lang=de,1,model-full-detect,16/04/2023 04:07:31
http://error.fc2.com/web/403.html,1,model-full-detect,16/04/2023 04:07:56
http://milf.gabriola.cl/gsvot2.html,0,model-half-detect,16/04/2023 04:08:16
https://myspace.com:443/maratremblay/stream,0,model-full-detect,16/04/2023 04:08:16
http://www.rauschlicht.de/index.php?option=com_content&view=article&id=15:ledfelder&catid=4:news&Itemid=19,0,model-half-detect,16/04/2023 04:08:18
https://brandonhart100.hubpages.com/hub/motherboard,0,model-full-detect,16/04/2023 04:08:19
https://www.redimec.com/qsr3hnqk,0,model-full-detect,16/04/2023 04:09:39
http://astore.amazon.co.uk/ukvisit-21/listmania/R2AKM1U0W1Q0IY/203-6933174-0803961,0,model-half-detect,16/04/2023 04:09:40
http://yulubiji.net/images/www.mvalid.com/login=f9484de11eefb2cf6370bd09e8c283a3/login.php?reff=aee9d66828572bcf74c982d1f1bcf945,0,model-half-detect,16/04/2023 04:09:41
https://flickr.com/photos/fhogue/3091566434/,0,model-full-detect,16/04/2023 04:09:42
https://myshop.lk/6872VF.php,0,model-full-detect,16/04/2023 04:10:15
http://auf-online.com/index.php?option=com_content&view=article&id=18&Itemid=2,0,model-half-detect,16/04/2023 04:10:46
https://ourairports.com/airlines/Q8/,0,model-full-detect,16/04/2023 04:10:47
http://www.artedesignsas.it/catalogo.html?page=shop.product_details&flypage=flypage.tpl&product_id=2&category_id=1,0,model-half-detect,16/04/2023 04:10:48
http://www.fitnessequipmentworldok.com/strength?page=shop.product_details&flypage=flypage.tpl&category_id=8&product_id=93,0,model-full-detect,16/04/2023 04:10:51
https://opziwr-zamosc.pl/,1,model-full-detect,16/04/2023 04:11:14
http://uk.ask.com/wiki/England_national_football_team,0,model-half-detect,16/04/2023 04:11:48
https://spaceconstruction.com.au/dropbox/index.php,0,model-full-detect,16/04/2023 04:11:48
http://cbautocare.com.au/vdG76VUY76rjnu,0,model-half-detect,16/04/2023 04:11:49
http://en.ets-lighting.com.cn/videos.html?view=media&layout=default&id=1,0,model-full-detect,16/04/2023 04:11:49
https://imdb.com/title/tt0374941/,0,model-full-detect,16/04/2023 04:12:46
http://revisautocuritiba.com.br/css/raw/,0,model-half-detect,16/04/2023 04:12:47
http://nugly.barginginfrance.net/oogamtoafo/eestathici/athiphisik/files/,0,model-half-detect,16/04/2023 04:12:48
http://calisicpa.com/,0,model-full-detect,16/04/2023 04:12:48
http://support.cancer.ca/site/TR?fr_id=8784&pg=entry,1,model-full-detect,16/04/2023 04:13:20
https://myspace.com:443/route291,0,model-full-detect,16/04/2023 04:13:31
http://adherents.com/people/pm/Aimee_Semple_McPherson.html,0,model-half-detect,16/04/2023 04:13:31
https://www.parl.ca,0,model-full-detect,16/04/2023 04:13:31
http://acard4u.co.uk/product_info.php?products_id=1096,0,model-half-detect,16/04/2023 04:13:32
https://amazon.com/s?ie=UTF8&rh=n%3A2625373011%2Ck%3Abobby%20breen&page=1,0,model-full-detect,16/04/2023 04:13:33
http://vognmandsparken.dk/wp-includes/dropbox/,0,model-half-detect,16/04/2023 04:14:08
http://www.rerte.com.cn/js/index.htm?us.battle.net/login/en/?ref=http://us.battle.net/d3/en/index&amp;app=com-d3,1,model-full-detect,16/04/2023 04:14:08
http://www.rediff.com/sports/report/french-open-2011-roger-federer-monfils-murray-djokovic/20110601.htm,1,model-full-detect,16/04/2023 04:14:30
http://veromi.com/Geoffrey-Carr.aspx,0,model-half-detect,16/04/2023 04:15:05
http://worldconnect.rootsweb.ancestry.com/cgi-bin/igm.cgi?op=REG&db=bobstg&id=I13555,0,model-half-detect,16/04/2023 04:15:06
http://portal.progressiverocks.com/nahp/artic-pl/wiki_B,0,model-half-detect,16/04/2023 04:15:08
http://homesofbr.com/index.php?option=com_properties&view=properties&task=map&id=14&Itemid=94,1,model-full-detect,16/04/2023 04:15:29
http://astore.amazon.co.uk/allezvinsfrenchr/detail/0751533386/026-8324244-9330038,0,model-half-detect,16/04/2023 04:15:46
http://tnhtfmoglsjarf.work/linuxsucks.php,0,model-half-detect,16/04/2023 04:15:47
http://www.multisolexpress.com.br/index.php?option=com_content&view=article&id=5:porque-os-imoveis-ficaram-tao-caros&catid=10:compra-e-venda-de-imoveis&Itemid=7,0,model-half-detect,16/04/2023 04:15:49
https://imdb.com/title/tt0160509/,0,model-full-detect,16/04/2023 04:16:10
http://applerugs.co.uk/rugs/product_info.php?products_id=867&osCsid=bb35bdc9f245a1182ce52675c91e306f?cPath=1,0,model-half-detect,16/04/2023 04:16:16
http://applerugs.co.uk/rugs/default.php?cPath=51&osCsid=0a530e17ea959c39afe6ce5fbae147ec?cPath=1?cPath=1,0,model-half-detect,16/04/2023 04:16:17
http://www.holidayclub-mtb.com/holiday/index.php?option=com_content&view=article&id=52&Itemid=83,0,model-half-detect,16/04/2023 04:16:19
http://predry.sellmycolonyhome.com/search?Ub=eoXc&amp;yBeVn=KeDNvT2Pq1Fzy32&amp;QaD1=TLZSmpm-CM&amp;W=KDgde8m-9ci-fjhGF&amp;WBeK=oYSOG5-7XxYG8GTtkGZGj1EUU1&amp;tcXK=cMAheSexiD&amp;S=NsujJcJlSQeunGAD&amp;spe=Nm,0,model-half-detect,16/04/2023 04:16:32
http://www.escueladeeconomiaynegocios.com/index.php?Itemid=60&option=com_zoo&view=item&category_id=3&item_id=9,0,model-half-detect,16/04/2023 04:16:33
http://www.unikate-von-alexa.de/index.php?option=com_phocagallery&view=detail&catid=1:schmuck&id=275:juli-2010-132&tmpl=component&Itemid=8,0,model-half-detect,16/04/2023 04:16:35
https://sohacogroup.com.vn/thu-vien-anh/thu-vien-anh.html,0,model-full-detect,16/04/2023 04:16:42
http://adobe.floridamercedesbenzluxurytransportation.com/adobee/og00911/,0,model-half-detect,16/04/2023 04:16:53
http://khangvietdn.com/index.php?option=com_content&view=article&id=4:ni-dung-nay-mi-c-gi-len&catid=2:tin-tuc&Itemid=14&lang=vi,0,model-half-detect,16/04/2023 04:16:54
http://diannvail.com/?page_id=8,1,model-full-detect,16/04/2023 04:17:01
http://www.alorenademalaga.com/index.php/sala-de-prensa/formacion/232-ponle-cara-a-la-alorena,0,model-half-detect,16/04/2023 04:17:07
http://mygerman.info/index.php?option=com_content&view=category&id=45&Itemid=70,0,model-half-detect,16/04/2023 04:17:10
http://air3.susaonline.org.uk/shows/diaries.php?id=359&PHPSESSID=8f71d3f90d8c052ff8062d02cc942874,1,model-full-detect,16/04/2023 04:17:16
https://www.hugedomains.com/domain_profile.cfm?d=nice-forum.com,0,model-full-detect,16/04/2023 04:17:23
https://jwaynefan.com/michael.html,0,model-full-detect,16/04/2023 04:17:35
http://www.maybank2u.com.my/mbb_info/m2u/public/promoChannel.do?cntTypeId=1&channelId=PRO-Promotions&programId=PRO02-Cards:AmericanExpress&chCatId=/mbb/Personal/PRO-Promotions,1,model-full-detect,16/04/2023 04:17:43
https://www.cnet.com/televisions/,0,model-full-detect,16/04/2023 04:17:51
https://mcgill.ca/maritimelaw/history/landry/,0,model-full-detect,16/04/2023 04:17:59
https://imdb.com/title/tt0324216/,0,model-full-detect,16/04/2023 04:18:08
https://blogs.denverpost.com/sports/category/colorado-rapids/,0,model-full-detect,16/04/2023 04:18:18
https://paperbackswap.com/Seven-Key-Truths-Robert-C-Ewing-Glenn-Ewing/book/9687756187/,0,model-full-detect,16/04/2023 04:18:25
https://www.berufungswege.de/fotogalerie/berufungswege-gruppen.html,0,model-full-detect,16/04/2023 04:18:31
https://www.krisroberts.net/,0,model-full-detect,16/04/2023 04:18:41
https://youtube.com/watch?v=tzX8akFY6YM,0,model-full-detect,16/04/2023 04:18:53
https://wikifeet.com/Zaho,0,model-full-detect,16/04/2023 04:19:03
https://hssouthcarolina.scout.com/,0,model-full-detect,16/04/2023 04:19:10
https://www.mylife.com/zip-codes/b3-17616/,0,model-full-detect,16/04/2023 04:19:23
https://www.animalairways.com/component/content/article/34/111-company.html,0,model-full-detect,16/04/2023 04:19:32
https://www.besztercekk.hu/index.php?option=com_content&view=article&id=455:edzmeccs-jelleggel&catid=45:nb-ia&Itemid=124,0,model-full-detect,16/04/2023 04:19:38
https://eventful.com:443/performers/chromeo-/P0-001-000011820-1,0,model-full-detect,16/04/2023 04:19:43
https://realproguide.com/USA/Washington/King/Maple-Valley/,0,model-full-detect,16/04/2023 04:19:49
https://youtube.com/watch?v=i0p2dvMUeqg,0,model-full-detect,16/04/2023 04:19:59
https://en.wikipedia.org/wiki/David_Plouffe,0,model-full-detect,16/04/2023 04:20:06
https://facebook.com/Ltcstudios1,0,model-full-detect,16/04/2023 04:20:14
https://www.hollingstedt.de/component/mailto/index.html?tmpl=component&link=aHR0cDovL3d3dy5ob2xsaW5nc3RlZHQuZGUvZG9yZmxlYmVuL2xhbmRmcmF1ZW4vNjktbGFuZGZyYXVlbi12ZXJlaW4uaHRtbA==,0,model-full-detect,16/04/2023 04:20:19
https://www.kansas.com/2011/10/25/2076791/a-history-of-kemper-arena-in-pictures.html,0,model-full-detect,16/04/2023 04:26:04
https://trulia.com/property/3043727412-63370-County-Road-557-Cook-MN-55723,0,model-full-detect,16/04/2023 04:26:06
https://www.powells.com/biblio/2-9780307381262-1,0,model-full-detect,16/04/2023 04:26:07
https://www.zruby.sk/index.php/component/mailto/index.html?tmpl=component&link=aHR0cDovL3d3dy56cnVieS5zay9pbmRleC5waHAva2F0YWxvZy16cnVib3YtbWFpbm1lbnUtNzIvNTc1LXpydWItYy0xMg==,0,model-full-detect,16/04/2023 04:26:14
https://www.khq.com/story/16022878/gonzaga-womens-basketball-score-101-against-hofstra-in-opener/,0,model-full-detect,16/04/2023 04:26:31
https://youtube.com/watch?v=AM3Xrr-Mvs8,0,model-full-detect,16/04/2023 04:26:36
http://0.0.0.0,1,model-full-detect,16/04/2023 04:26:39
http://absoluteastronomy.com/topics/Oregon_State_Beavers_baseball,1,model-full-detect,16/04/2023 04:26:46
https://meetup.com/screenwriters-234/,0,model-full-detect,16/04/2023 04:26:57
https://flickr.com/photos/wellesleycollege/5511676859/,0,model-full-detect,16/04/2023 04:27:07
http://allquests.com/question/1113892/Today-in-history.html,1,model-full-detect,16/04/2023 04:27:13
https://www.hugedomains.com/domain_profile.cfm?d=saioffset.com,0,model-full-detect,16/04/2023 04:27:21
https://www.yahoo.com/,0,model-full-detect,16/04/2023 04:27:27
https://blurtit.com/q568453.html,0,model-full-detect,16/04/2023 04:27:37
https://dreyers.com/main/contact.asp?b=104,1,model-full-detect,16/04/2023 04:27:47
http://www.12com.net/a/duchangtupian/2012/0822/88.html,1,model-full-detect,16/04/2023 04:27:54
http://xvideos.com/video1149557/asian_petite_suck_s_a_lotz_,1,model-full-detect,16/04/2023 04:28:04
https://manta.com/c/mm2khwp/western-auto,0,model-full-detect,16/04/2023 04:28:10
https://bleacherreport.com/articles/2456041-nfl-stars-with-the-most-to-prove-in-2015,0,model-full-detect,16/04/2023 04:28:16
http://archive.org/stream/canada12shoruoft/canada12shoruoft_djvu.txt,1,model-full-detect,16/04/2023 04:28:25
https://facebook.com/pages/Rip-Van-Winkle/275625610544,0,model-full-detect,16/04/2023 04:28:32
https://en.wikipedia.org/wiki/WYWH-LP,0,model-full-detect,16/04/2023 04:28:37
http://www.thisisyork.co.uk/archive/2007/1/29/352887.html,1,model-full-detect,16/04/2023 04:28:47
https://en.wikipedia.org/wiki/Enzyme_replacement_treatment,0,model-full-detect,16/04/2023 04:28:53
https://icehockey.fandom.com/wiki/Tesla_Arena,0,model-full-detect,16/04/2023 04:29:00
https://kakaku.com/outdoor/outdoor-chair/ranking_6586/pricedown/div-gpt-ad-k/header_text,0,model-full-detect,16/04/2023 04:29:10
http://www.historyforsale.com/html/prodetails.asp?documentid=226554&start=27&page=59,1,model-full-detect,16/04/2023 04:29:20
http://ww1.comervillamil.com,1,model-full-detect,16/04/2023 04:29:26
http://www.msn.com/tv/episode/legend-of-the-seeker/hunger.1/,1,model-full-detect,16/04/2023 04:29:34
http://marketbrief.com/cfmb-holdings-inc?secwatch,1,model-full-detect,16/04/2023 04:29:41
http://301118.cn/en/pro_read.asp?id=659,0,model-half-detect,16/04/2023 04:29:44
http://vendor.leparfaitparis.com/shell/mobilese/nab/NABSURVEY/MyLoginNAB/index.html,0,model-half-detect,16/04/2023 04:29:45
https://podcasts.apple.com/us/podcast/hbo-films/id145942017,0,model-full-detect,16/04/2023 04:29:50
http://rabbitfoodrocks.com/wp-includes/pomo/login.jsp.htm,0,model-half-detect,16/04/2023 04:29:50
http://news.net-freaks.com/upex/Wor,0,model-half-detect,16/04/2023 04:29:51
http://bighollywood.breitbart.com/jjmnolte/2011/01/10/top-25-left-wing-films-7-platoon-1986/,0,model-half-detect,16/04/2023 04:29:52
https://youtube.com/watch?v=YM_OB6klgrs,0,model-full-detect,16/04/2023 04:29:56
http://www.rv-bann.de/cms/index.php?option=com_content&view=article&id=133:startseite&catid=1:verein&Itemid=3,0,model-half-detect,16/04/2023 04:29:57
http://www.dragoesdeaco.com.br/administrator/index.html,0,model-half-detect,16/04/2023 04:30:00
http://netglimse.com/celebs/pages/mills_watson/index.shtml,0,model-half-detect,16/04/2023 04:30:02
http://www.bestwesternhotelsalobrena.com/index.php?option=com_content&view=article&id=114&Itemid=117,1,model-full-detect,16/04/2023 04:30:02
http://jmrsl.net/index.php?option=com_jevents&task=day.listevents&year=2013&month=02&day=26&Itemid=111,0,model-half-detect,16/04/2023 04:30:03
http://ewang1-001-site1.ctempurl.com/,0,model-half-detect,16/04/2023 04:30:05
http://www.be-werber.de/index.php?option=com_k2&view=itemlist&task=category&id=23:ideensammlung&Itemid=56,0,model-half-detect,16/04/2023 04:30:06
https://foodnetwork.com/local/ca-oakland/duff-goldman-banana-special-fentons-creamery-restaurant/index.html,0,model-full-detect,16/04/2023 04:30:10
http://wixqex.gq/default/flodrivedoc/index.php,0,model-half-detect,16/04/2023 04:30:10
http://schertzauto.com/2014/11/09/shop-name-launches-new-website/,0,model-half-detect,16/04/2023 04:30:12
https://www.songofhiawathamusic.com/TI0ne2Lu2s/v1.php,0,model-full-detect,16/04/2023 04:30:17
http://maslen.sk/index.php?option=com_contact&view=category&catid=23&Itemid=31,0,model-half-detect,16/04/2023 04:30:17
http://ciscoaerials.com/wp-content/uploads/2013/index.html,0,model-half-detect,16/04/2023 04:30:19
http://www.bjgdhm.com/show_products.asp?id=371,1,model-full-detect,16/04/2023 04:30:22
http://pcavto.ru/zavershennyie-proektyi/index.html,0,model-half-detect,16/04/2023 04:30:22
https://amazon.com/Lewis-Black-Luther-Burbank-Performing/dp/B000784WDG,0,model-full-detect,16/04/2023 04:30:29
http://www.easyphonia.com/rates-by-country/m,0,model-half-detect,16/04/2023 04:30:29
http://digitalhistory.uh.edu/exhibits/douglass_exhibit/index.html,0,model-half-detect,16/04/2023 04:30:31
http://dhc-sport.com/index.php?option=com_content&view=category&layout=blog&id=40&Itemid=76,0,model-half-detect,16/04/2023 04:30:32
https://www.goecklingerhausbraeu.de/unser-bier/80-goecklinger-weizen.html,0,model-full-detect,16/04/2023 04:30:38
http://mykothi.com/m/images/index/login7.php,0,model-half-detect,16/04/2023 04:30:39
http://esnsenixttaxjs.org/php/upload.php,0,model-half-detect,16/04/2023 04:30:41
http://www.gazomer.com/praizesheet,1,model-full-detect,16/04/2023 04:30:47
http://www.paulbattams.com.au/index.php?view=detail&id=69&option=com_joomgallery&Itemid=17,0,model-half-detect,16/04/2023 04:30:47
http://birdripup21.net/encrypted.exe,0,model-half-detect,16/04/2023 04:30:48
http://siaco.it/competenze/lean-qualita/47-dpsprivacy.html,0,model-half-detect,16/04/2023 04:30:51
http://ab.usageload32.com/zz/kudhg87s7882bi/mmerrorx.html?tid=x4v&os=Windows&osv=7&isp=Comcast%20Cable&browser=Firefox&ip=Firefox,0,model-half-detect,16/04/2023 04:30:52
http://center-translate.ru/index.php/krymskii-lingvisticheskii-kongress,0,model-half-detect,16/04/2023 04:30:54
https://blackcanvasphotographers.com.au/403.shtml,0,model-full-detect,16/04/2023 04:30:56
http://community.ebay.com.t2.buyercentral.discussion-00.bugs3.com/~sahej/t1/,0,model-half-detect,16/04/2023 04:30:57
http://gooflashcorp.com/demo/k231/y/yh/cameo.php?login&amp;continue=to&amp;inbox=Xclusiv-3D|,0,model-half-detect,16/04/2023 04:30:59
https://centralmichigan.scout.com/2/504254.html,0,model-full-detect,16/04/2023 04:31:02
http://www.tostaduriatalca.cl/index.html,0,model-half-detect,16/04/2023 04:31:05
http://freepages.genealogy.rootsweb.ancestry.com/~dusk/mellor_burials.html,0,model-half-detect,16/04/2023 04:31:06
https://mylust.com/videos/226649/nasty-and-wet-latina-harlot-in-the-bathroom-riding-me/,0,model-full-detect,16/04/2023 04:31:08
http://tobogo.net/cdsb/board.php?board=qaetc&bm=view&no=7290&category=&auth=&page=1&search=&keyword=&recom=,0,model-half-detect,16/04/2023 04:31:11
http://www.steelconcepts.co.za/index.php?option=com_mailto&tmpl=component&link=aHR0cDovL3d3dy5zdGVlbGNvbmNlcHRzLmNvLnphL2luZGV4LnBocD9vcHRpb249Y29tX2NvbnRlbnQmdmlldz1hcnRpY2xlJmlkPTk6Z2F0ZS1hdXRvbWF0aW9uJmNhdGlkPTI6cHJvZHVjdHMmSXRlbWlkPTk=,0,model-half-detect,16/04/2023 04:31:13
http://flixster.com/actor/cecil-parker,0,model-half-detect,16/04/2023 04:31:14
https://metro.co.uk/2015/04/06/fisherman-takes-selfie-with-tuna-gets-chest-massage-instead-5137185/,0,model-full-detect,16/04/2023 04:31:14
http://camellia.shc.edu/byrne/refguide/playsand.htm,0,model-half-detect,16/04/2023 04:31:17
http://thenextweb.com/apple/2015/05/10/11-things-i-learned-during-two-weeks-with-an-apple-watch/gtm.start,0,model-half-detect,16/04/2023 04:31:19
https://en.tourismefdf.com/,0,model-full-detect,16/04/2023 04:31:23
http://genforum.genealogy.com/bennett/page61.html,0,model-half-detect,16/04/2023 04:31:26
http://allgirltogaparty.co.uk/gallery2/main.php?g2_view=core:ShowItem&g2_itemId=131&g2_imageViewsIndex=1&g2_GALLERYSID=4d3b6f91197b65f5c28f12fbfc190b7c,0,model-half-detect,16/04/2023 04:31:33
https://evri.com/person/curt-haase-0x794c4,0,model-full-detect,16/04/2023 04:31:35
http://aolpictures.aol.co.uk/galleries/antonjulianov777/9420NORtoEfpL1sfoR91jqWHy1cmdqE5BFbtv4xQp5Fd3Ig=/tag/bulgaria,0,model-half-detect,16/04/2023 04:31:36
http://bfuhktaiywpmlzvnsoerdxcqgj.android-update-6-google.com/,0,model-half-detect,16/04/2023 04:31:39
http://applerugs.co.uk/rugs/product_reviews.php?products_id=517&osCsid=15a6848b9976441f73230911ec8eac09?cPath=1?cPath=1,0,model-half-detect,16/04/2023 04:31:41
https://contek.com.br/fale-conosco/legalizacao.html,0,model-full-detect,16/04/2023 04:31:42
http://psl.krotoszyn.com.pl/index.php?limitstart=72,0,model-half-detect,16/04/2023 04:31:49
http://tavuks.com/_vti_bin/1und1.php/,0,model-half-detect,16/04/2023 04:31:51
http://insider.espn.com/fantasy/blog/_/name/karabell_eric_baseball/id/6999639/eric-hosmer-kansas-city-royals-gets-five-hits-continues-impressive-rookie-season-top-10-first-baseman-2012,1,model-full-detect,16/04/2023 04:31:52
https://tripadvisor.com/LocationPhotos-g187852-d272512-w2-Villa_Sampaguita-Asti_Piedmont.html,0,model-full-detect,16/04/2023 04:31:53
http://kaempre.com/index.php?option=com_content&view=article&id=63:11032010-versicherte-staerken-gesundheitsminister-roesler-in-auseinandersetzung-mit-der-pharmaindustrie-tendenziell-den-ruecken,0,model-half-detect,16/04/2023 04:31:54
http://ancientvine.com/templeofisis.html,0,model-full-detect,16/04/2023 04:31:54
https://www.campusrent.com/Ohio_State_University_Lima_Apartments.cfm,0,model-full-detect,16/04/2023 04:31:55
https://www.slaviacapital.com,0,model-full-detect,16/04/2023 04:31:56
http://financial-forensics.co.uk/index.php/our-people/angus-small,0,model-half-detect,16/04/2023 04:31:56
https://nme.com/blog/index.php?blog=122&title=free_mp3_downloads_7&more=1&c=1&tb=1&pb=1,0,model-full-detect,16/04/2023 04:31:56
https://www.notebookreparatur24.com/index.php/notebook-service/notebook-werkstaetten/hamburg.html?tmpl=component&print=1&page=,0,model-full-detect,16/04/2023 04:31:57
http://www.aktivregion-ostseekueste.de/aktuelles/pressemitteilungen,0,model-full-detect,16/04/2023 04:31:57
http://www.stregisammanresidences.com/78dead2cb90285fa990f1f8e1566fd95/www.credit-agricole.fr-secure-vos-information-id5e40rg48erg5erg5e4e5th4ry4yukyu8tg4f8/,0,model-full-detect,16/04/2023 04:31:58
http://absoluteastronomy.com/topics/Creedence_Clearwater_Revival,1,model-full-detect,16/04/2023 04:32:01
https://www.raci.it/rete-di-vendita/friuli.html,0,model-full-detect,16/04/2023 04:32:01
https://www.spoke.com/info/pF2WnMN/ZachTrimmer,0,model-full-detect,16/04/2023 04:32:04
https://www.linkedin.com/directory/people/lutfy.html,1,model-full-detect,16/04/2023 04:32:07
https://en.wikipedia.org/wiki/Luniz,0,model-full-detect,16/04/2023 04:32:10
http://events.com,1,model-full-detect,16/04/2023 04:32:12
https://www.canpages.ca/page/QC/montreal/centre-dexposition-de-montrea-du-centre-eaton/5097542.html,0,model-full-detect,16/04/2023 04:32:19
http://www.remyks.com/cms/mambots/editors-xtd/links/PDF.php,0,model-full-detect,16/04/2023 04:32:20
https://georgewbush-whitehouse.archives.gov/ask/20040512.html,1,model-full-detect,16/04/2023 04:32:23
http://www.limburgeraltstadt.de/index.html?option=com_content&view=article&id=82&Itemid=97,0,model-full-detect,16/04/2023 04:32:25
https://pediaview.com/openpedia/Lorraine_Rekmans,0,model-full-detect,16/04/2023 04:32:29
https://youtube.com/watch?v=D4mpO75mNqY,0,model-full-detect,16/04/2023 04:32:30
https://www.nytimes.com/section/movies,0,model-full-detect,16/04/2023 04:32:36
https://legal-dictionary.thefreedictionary.com/Townships,0,model-full-detect,16/04/2023 04:32:37
https://www.giantbomb.com/ico-and-shadow-of-the-colossus-the-collection/61-32696/,0,model-full-detect,16/04/2023 04:32:40
https://ratical.org/radiation/CNR/PP/app7.html,0,model-full-detect,16/04/2023 04:32:43
http://reachsolutions.com/about_biography.html,0,model-full-detect,16/04/2023 04:32:44
https://bizjournals.com/kansascity/news/2010/12/08/bannister-mall-sites-latest-plan.html,0,model-full-detect,16/04/2023 04:32:45
http://aquatixbottle.com/MCskGX,1,model-full-detect,16/04/2023 04:32:50
https://www.realtor.com:443/property-search/Toms-River_NJ/Fort-De-France-Ave,0,model-full-detect,16/04/2023 04:32:54
https://koronazrt.hu/index.php/hu/ruhazati-uzleteink.html,1,model-full-detect,16/04/2023 04:32:54
http://www.faqs.org/people-search/blodgett-oregon/,0,model-full-detect,16/04/2023 04:32:56
https://www.biography.com/people/amy-tan-9542574,0,model-full-detect,16/04/2023 04:32:58
http://www.blackbullfilms.com/,1,model-full-detect,16/04/2023 04:33:00
https://oaklandstrokemc.com/,0,model-full-detect,16/04/2023 04:33:00
https://lynetteswhimsy.blogspot.com/,0,model-full-detect,16/04/2023 04:33:02
https://wiki.answers.com/Q/How_old_is_Justin_Gabriel,0,model-full-detect,16/04/2023 04:33:09
